,date,ARS,BOU,BHA,BUR,CAR,CHE,CRY,EVE,FUL,HUD,LEI,LIV,MCI,MUN,NEW,SOU,TOT,WAT,WHU,WOL
0,2018-08-09 00:00:00+00:00,0.0,0.0,0.0,0.0,0.0,0.0,0.0,0.0,0.0,0.0,0.0,0.0,0.0,0.0,0.0,0.0,0.0,0.0,0.0,0.0
1,2018-08-10 00:00:00+00:00,0.0,0.0,0.0,0.0,0.0,0.0,0.0,0.0,0.0,0.0,0.0,0.0,0.0,0.0,0.0,0.0,0.0,0.0,0.0,0.0
2,2018-08-11 00:00:00+00:00,0.0,0.0,0.0,0.0,0.0,0.0,0.0,0.0,0.0,0.0,0.0,0.0,0.0,3.0,0.0,0.0,0.0,0.0,0.0,0.0
3,2018-08-12 00:00:00+00:00,0.0,3.0,0.0,0.0,0.0,0.0,0.0,0.0,0.0,0.0,0.0,0.0,0.0,3.0,0.0,0.0,0.0,3.0,0.0,1.0
4,2018-08-13 00:00:00+00:00,0.0,3.0,0.0,0.0,0.0,0.0,0.0,0.0,0.0,0.0,0.0,3.0,0.0,3.0,0.0,1.0,0.0,3.0,0.0,1.0
5,2018-08-14 00:00:00+00:00,0.0,3.0,0.0,0.0,0.0,0.0,0.0,0.0,0.0,0.0,0.0,3.0,0.0,3.0,0.0,1.0,0.0,3.0,0.0,1.0
6,2018-08-15 00:00:00+00:00,0.0,3.0,0.0,0.0,0.0,0.0,0.0,0.0,0.0,0.0,0.0,3.0,0.0,3.0,0.0,1.0,0.0,3.0,0.0,1.0
7,2018-08-16 00:00:00+00:00,0.0,3.0,0.0,0.0,0.0,0.0,0.0,0.0,0.0,0.0,0.0,3.0,0.0,3.0,0.0,1.0,0.0,3.0,0.0,1.0
8,2018-08-17 00:00:00+00:00,0.0,3.0,0.0,0.0,0.0,0.0,0.0,0.0,0.0,0.0,0.0,3.0,0.0,3.0,0.0,1.0,0.0,3.0,0.0,1.0
9,2018-08-18 00:00:00+00:00,0.0,3.0,0.0,0.0,0.0,0.0,0.0,0.0,0.0,0.0,0.0,3.0,0.0,3.0,0.0,1.0,0.0,3.0,0.0,1.0
10,2018-08-19 00:00:00+00:00,0.0,3.0,0.0,0.0,1.0,3.0,0.0,3.0,0.0,0.0,3.0,3.0,0.0,3.0,0.0,1.0,3.0,3.0,0.0,1.0
11,2018-08-20 00:00:00+00:00,0.0,3.0,3.0,0.0,1.0,3.0,0.0,3.0,0.0,0.0,3.0,3.0,3.0,3.0,0.0,1.0,3.0,3.0,0.0,1.0
12,2018-08-21 00:00:00+00:00,0.0,3.0,3.0,0.0,1.0,3.0,0.0,3.0,0.0,0.0,3.0,3.0,3.0,3.0,0.0,1.0,3.0,3.0,0.0,1.0
13,2018-08-22 00:00:00+00:00,0.0,3.0,3.0,0.0,1.0,3.0,0.0,3.0,0.0,0.0,3.0,3.0,3.0,3.0,0.0,1.0,3.0,3.0,0.0,1.0
14,2018-08-23 00:00:00+00:00,0.0,3.0,3.0,0.0,1.0,3.0,0.0,3.0,0.0,0.0,3.0,3.0,3.0,3.0,0.0,1.0,3.0,3.0,0.0,1.0
15,2018-08-24 00:00:00+00:00,0.0,3.0,3.0,0.0,1.0,3.0,0.0,3.0,0.0,0.0,3.0,3.0,3.0,3.0,0.0,1.0,3.0,3.0,0.0,1.0
16,2018-08-25 00:00:00+00:00,0.0,3.0,3.0,0.0,1.0,3.0,0.0,3.0,0.0,0.0,3.0,3.0,3.0,3.0,0.0,1.0,3.0,3.0,0.0,1.0
17,2018-08-26 00:00:00+00:00,2.5461187407736228,1.2384058440442351,3.0,0.0,1.0,3.0,0.0,3.0,0.0,0.8807970779778824,3.0,3.0,3.0,3.0,0.0,0.11920292202211756,3.0,3.0,0.0,1.0
18,2018-08-27 00:00:00+00:00,2.5461187407736228,1.2384058440442351,3.0,0.0,1.0,3.0,0.0,3.0,2.7949364845330376,0.8807970779778824,3.0,3.0,3.0,3.0,0.0,0.11920292202211756,3.0,3.0,0.0,1.0
19,2018-08-28 00:00:00+00:00,2.5461187407736228,1.2384058440442351,3.0,0.0,1.0,3.0,0.0,3.0,2.7949364845330376,0.8807970779778824,3.0,3.0,3.0,0.1493542831813724,0.0,0.11920292202211756,3.0,3.0,0.0,1.0
20,2018-08-29 00:00:00+00:00,2.5461187407736228,1.2384058440442351,3.0,0.0,1.0,3.0,0.0,3.0,2.7949364845330376,0.8807970779778824,3.0,3.0,3.0,0.1493542831813724,0.0,0.11920292202211756,3.0,3.0,0.0,1.0
21,2018-08-30 00:00:00+00:00,2.5461187407736228,1.2384058440442351,3.0,0.0,1.0,3.0,0.0,3.0,2.7949364845330376,0.8807970779778824,3.0,3.0,3.0,0.1493542831813724,0.0,0.11920292202211756,3.0,3.0,0.0,1.0
22,2018-08-31 00:00:00+00:00,2.5461187407736228,1.2384058440442351,3.0,0.0,1.0,3.0,0.0,3.0,2.7949364845330376,0.8807970779778824,3.0,3.0,3.0,0.1493542831813724,0.0,0.11920292202211756,3.0,3.0,0.0,1.0
23,2018-09-01 00:00:00+00:00,2.5461187407736228,1.2384058440442351,3.0,0.0,1.0,3.0,0.0,3.0,2.7949364845330376,0.8807970779778824,3.0,3.0,3.0,0.1493542831813724,0.0,0.11920292202211756,3.0,3.0,0.0,1.0
24,2018-09-02 00:00:00+00:00,2.5461187407736228,1.2384058440442351,1.302587506150918,0.0,1.0,3.0,0.0,1.2384058440442351,2.7949364845330376,0.8807970779778824,0.35760876606635267,3.0,3.0,0.1493542831813724,0.0,0.11920292202211756,3.0,3.0,0.0,1.0
25,2018-09-03 00:00:00+00:00,2.5461187407736228,1.2384058440442351,1.302587506150918,0.0,0.06835450515565422,3.0,0.0,1.2384058440442351,2.7949364845330376,0.8807970779778824,0.35760876606635267,3.0,3.0,0.1493542831813724,0.0,0.11920292202211756,3.0,3.0,0.0,1.0
26,2018-09-04 00:00:00+00:00,2.5461187407736228,1.2384058440442351,1.302587506150918,0.0,0.06835450515565422,3.0,0.0,1.2384058440442351,2.7949364845330376,0.8807970779778824,0.35760876606635267,3.0,3.0,0.1493542831813724,0.0,0.11920292202211756,3.0,3.0,0.0,1.0
27,2018-09-05 00:00:00+00:00,2.5461187407736228,1.2384058440442351,1.302587506150918,0.0,0.06835450515565422,3.0,0.0,1.2384058440442351,2.7949364845330376,0.8807970779778824,0.35760876606635267,3.0,3.0,0.1493542831813724,0.0,0.11920292202211756,3.0,3.0,0.0,1.0
28,2018-09-06 00:00:00+00:00,2.5461187407736228,1.2384058440442351,1.302587506150918,0.0,0.06835450515565422,3.0,0.0,1.2384058440442351,2.7949364845330376,0.8807970779778824,0.35760876606635267,3.0,3.0,0.1493542831813724,0.0,0.11920292202211756,3.0,3.0,0.0,1.0
29,2018-09-07 00:00:00+00:00,2.5461187407736228,1.2384058440442351,1.302587506150918,0.0,0.06835450515565422,3.0,0.0,1.2384058440442351,2.7949364845330376,0.8807970779778824,0.35760876606635267,3.0,3.0,0.1493542831813724,0.0,0.11920292202211756,3.0,3.0,0.0,1.0
30,2018-09-08 00:00:00+00:00,2.5461187407736228,1.2384058440442351,1.302587506150918,0.0,0.06835450515565422,3.0,0.0,1.2384058440442351,2.7949364845330376,0.8807970779778824,0.35760876606635267,3.0,3.0,0.1493542831813724,0.0,0.11920292202211756,3.0,3.0,0.0,1.0
31,2018-09-09 00:00:00+00:00,2.5461187407736228,1.2384058440442351,1.302587506150918,0.0,0.06835450515565422,3.0,0.0,1.2384058440442351,2.7949364845330376,0.8807970779778824,0.35760876606635267,3.0,3.0,0.1493542831813724,0.0,0.11920292202211756,3.0,3.0,0.0,1.0
32,2018-09-10 00:00:00+00:00,2.5461187407736228,1.2384058440442351,1.302587506150918,0.0,0.06835450515565422,3.0,0.0,1.2384058440442351,2.7949364845330376,0.8807970779778824,0.35760876606635267,3.0,3.0,0.1493542831813724,0.0,0.11920292202211756,3.0,3.0,0.0,1.0
33,2018-09-11 00:00:00+00:00,2.5461187407736228,1.2384058440442351,1.302587506150918,0.0,0.06835450515565422,3.0,0.0,1.2384058440442351,2.7949364845330376,0.8807970779778824,0.35760876606635267,3.0,3.0,0.1493542831813724,0.0,0.11920292202211756,3.0,3.0,0.0,1.0
34,2018-09-12 00:00:00+00:00,2.5461187407736228,1.2384058440442351,1.302587506150918,0.0,0.06835450515565422,3.0,0.0,1.2384058440442351,2.7949364845330376,0.8807970779778824,0.35760876606635267,3.0,3.0,0.1493542831813724,0.0,0.11920292202211756,3.0,3.0,0.0,1.0
35,2018-09-13 00:00:00+00:00,2.5461187407736228,1.2384058440442351,1.302587506150918,0.0,0.06835450515565422,3.0,0.0,1.2384058440442351,2.7949364845330376,0.8807970779778824,0.35760876606635267,3.0,3.0,0.1493542831813724,0.0,0.11920292202211756,3.0,3.0,0.0,1.0
36,2018-09-14 00:00:00+00:00,2.5461187407736228,1.2384058440442351,1.302587506150918,0.0,0.06835450515565422,3.0,0.0,1.2384058440442351,2.7949364845330376,0.8807970779778824,0.35760876606635267,3.0,3.0,0.1493542831813724,0.0,0.11920292202211756,3.0,3.0,0.0,1.0
37,2018-09-15 00:00:00+00:00,2.5461187407736228,1.2384058440442351,1.302587506150918,0.0,0.06835450515565422,3.0,0.0,1.2384058440442351,2.7949364845330376,0.8807970779778824,0.35760876606635267,3.0,3.0,0.1493542831813724,0.0,0.11920292202211756,3.0,3.0,0.0,1.0
38,2018-09-16 00:00:00+00:00,2.5461187407736228,2.978026195727854,1.302587506150918,0.0,0.06835450515565422,3.0,0.0,1.2384058440442351,2.7949364845330376,0.010986902136072969,0.35760876606635267,3.0,3.0,0.1493542831813724,0.0,0.11920292202211756,0.0010060503913994342,0.38321342526201413,0.0,1.0
39,2018-09-17 00:00:00+00:00,2.5461187407736228,2.978026195727854,1.302587506150918,0.0,0.06835450515565422,3.0,0.0,0.06863498514172284,2.7949364845330376,0.010986902136072969,0.35760876606635267,3.0,3.0,0.1493542831813724,0.0,0.11920292202211756,0.0010060503913994342,0.38321342526201413,0.0,2.990985586387418
40,2018-09-18 00:00:00+00:00,2.5461187407736228,2.978026195727854,1.302587506150918,0.0,0.06835450515565422,3.0,0.0,0.06863498514172284,2.7949364845330376,0.010986902136072969,0.35760876606635267,3.0,3.0,0.1493542831813724,0.0,0.9972061916003739,0.0010060503913994342,0.38321342526201413,0.0,2.990985586387418
41,2018-09-19 00:00:00+00:00,2.5461187407736228,2.978026195727854,1.302587506150918,0.0,0.06835450515565422,3.0,0.0,0.06863498514172284,2.7949364845330376,0.010986902136072969,0.35760876606635267,3.0,3.0,0.1493542831813724,0.0,0.9972061916003739,0.0010060503913994342,0.38321342526201413,0.0,2.990985586387418
42,2018-09-20 00:00:00+00:00,2.5461187407736228,2.978026195727854,1.302587506150918,0.0,0.06835450515565422,3.0,0.0,0.06863498514172284,2.7949364845330376,0.010986902136072969,0.35760876606635267,3.0,3.0,0.1493542831813724,0.0,0.9972061916003739,0.0010060503913994342,0.38321342526201413,0.0,2.990985586387418
43,2018-09-21 00:00:00+00:00,2.5461187407736228,2.978026195727854,1.302587506150918,0.0,0.06835450515565422,3.0,0.0,0.06863498514172284,2.7949364845330376,0.010986902136072969,0.35760876606635267,3.0,3.0,0.1493542831813724,0.0,0.9972061916003739,0.0010060503913994342,0.38321342526201413,0.0,2.990985586387418
44,2018-09-22 00:00:00+00:00,2.5461187407736228,2.978026195727854,1.302587506150918,0.0,0.06835450515565422,3.0,0.0,0.06863498514172284,2.7949364845330376,0.010986902136072969,0.35760876606635267,3.0,3.0,0.1493542831813724,0.0,0.9972061916003739,0.0010060503913994342,0.38321342526201413,0.0,2.990985586387418
45,2018-09-23 00:00:00+00:00,2.5461187407736228,2.978026195727854,0.0071234897304160326,2.950190137919579,1.785987049322243e-06,3.0,0.9889984554146672,0.06863498514172284,1.0011753031937205,0.010986902136072969,2.9786628320145248,3.0,3.0,0.998991187311167,0.0,0.9972061916003739,0.0010060503913994342,0.38321342526201413,0.0,2.990985586387418
46,2018-09-24 00:00:00+00:00,2.9999999543147533,2.978026195727854,0.0071234897304160326,2.950190137919579,1.785987049322243e-06,3.0,0.9889984554146672,0.06863498514172284,1.0011753031937205,0.010986902136072969,2.9786628320145248,3.0,3.0,0.998991187311167,0.0,0.9972061916003739,0.0010060503913994342,0.38321342526201413,0.9928858041232986,2.990985586387418
47,2018-09-25 00:00:00+00:00,2.9999999543147533,2.978026195727854,0.0071234897304160326,2.950190137919579,1.785987049322243e-06,3.0,0.9889984554146672,0.06863498514172284,1.0011753031937205,0.010986902136072969,2.9786628320145248,3.0,3.0,0.998991187311167,0.0,0.9972061916003739,0.0010060503913994342,0.38321342526201413,0.9928858041232986,2.990985586387418
48,2018-09-26 00:00:00+00:00,2.9999999543147533,2.978026195727854,0.0071234897304160326,2.950190137919579,1.785987049322243e-06,3.0,0.9889984554146672,0.06863498514172284,1.0011753031937205,0.010986902136072969,2.9786628320145248,3.0,3.0,0.998991187311167,0.0,0.9972061916003739,0.0010060503913994342,0.38321342526201413,0.9928858041232986,2.990985586387418
49,2018-09-27 00:00:00+00:00,2.9999999543147533,2.978026195727854,0.0071234897304160326,2.950190137919579,1.785987049322243e-06,3.0,0.9889984554146672,0.06863498514172284,1.0011753031937205,0.010986902136072969,2.9786628320145248,3.0,3.0,0.998991187311167,0.0,0.9972061916003739,0.0010060503913994342,0.38321342526201413,0.9928858041232986,2.990985586387418
50,2018-09-28 00:00:00+00:00,2.9999999543147533,2.978026195727854,0.0071234897304160326,2.950190137919579,1.785987049322243e-06,3.0,0.9889984554146672,0.06863498514172284,1.0011753031937205,0.010986902136072969,2.9786628320145248,3.0,3.0,0.998991187311167,0.0,0.9972061916003739,0.0010060503913994342,0.38321342526201413,0.9928858041232986,2.990985586387418
51,2018-09-29 00:00:00+00:00,2.9999999543147533,2.978026195727854,0.0071234897304160326,2.950190137919579,1.785987049322243e-06,3.0,0.9889984554146672,0.06863498514172284,1.0011753031937205,0.010986902136072969,2.9786628320145248,3.0,3.0,0.998991187311167,0.0,0.9972061916003739,0.0010060503913994342,0.38321342526201413,0.9928858041232986,2.990985586387418
52,2018-09-30 00:00:00+00:00,3.0,2.978026195727854,0.0071234897304160326,2.950190137919579,1.785987049322243e-06,1.1832326480847903,0.9889984554146672,2.5456786717923787,1.0011753031937205,3.2824144503239107e-06,2.9786628320145248,3.0,3.0,0.998991187311167,0.0,0.9972061916003739,0.0010060503913994342,0.38321342526201413,2.181203191653117,2.9999968188640787
53,2018-10-01 00:00:00+00:00,3.0,2.978026195727854,0.0071234897304160326,2.950190137919579,0.0,1.1832326480847903,0.9889984554146672,2.5456786717923787,1.0011753031937205,3.2824144503239107e-06,2.9786628320145248,3.0,3.0,0.998991187311167,0.0,0.9972061916003739,0.0010060503913994342,0.38321342526201413,2.181203191653117,2.9999968188640787
54,2018-10-02 00:00:00+00:00,3.0,2.9999992420237835,0.0071234897304160326,2.950190137919579,0.0,1.1832326480847903,0.9889984554146672,2.5456786717923787,1.0011753031937205,3.2824144503239107e-06,2.9786628320145248,3.0,3.0,0.998991187311167,0.0,0.9972061916003739,0.0010060503913994342,0.38321342526201413,2.181203191653117,2.9999968188640787
55,2018-10-03 00:00:00+00:00,3.0,2.9999992420237835,0.0071234897304160326,2.950190137919579,0.0,1.1832326480847903,0.9889984554146672,2.5456786717923787,1.0011753031937205,3.2824144503239107e-06,2.9786628320145248,3.0,3.0,0.998991187311167,0.0,0.9972061916003739,0.0010060503913994342,0.38321342526201413,2.181203191653117,2.9999968188640787
56,2018-10-04 00:00:00+00:00,3.0,2.9999992420237835,0.0071234897304160326,2.950190137919579,0.0,1.1832326480847903,0.9889984554146672,2.5456786717923787,1.0011753031937205,3.2824144503239107e-06,2.9786628320145248,3.0,3.0,0.998991187311167,0.0,0.9972061916003739,0.0010060503913994342,0.38321342526201413,2.181203191653117,2.9999968188640787
57,2018-10-05 00:00:00+00:00,3.0,2.9999992420237835,0.0071234897304160326,2.950190137919579,0.0,1.1832326480847903,0.9889984554146672,2.5456786717923787,1.0011753031937205,3.2824144503239107e-06,2.9786628320145248,3.0,3.0,0.998991187311167,0.0,0.9972061916003739,0.0010060503913994342,0.38321342526201413,2.181203191653117,2.9999968188640787
58,2018-10-06 00:00:00+00:00,3.0,2.9999992420237835,2.642385842924928,2.950190137919579,0.0,1.1832326480847903,0.9889984554146672,2.5456786717923787,1.0011753031937205,3.2824144503239107e-06,2.9786628320145248,3.0,3.0,0.998991187311167,0.0,0.9972061916003739,0.0010060503913994342,0.38321342526201413,2.181203191653117,2.9999968188640787
59,2018-10-07 00:00:00+00:00,3.0,2.9999992420237835,2.642385842924928,1.2383976247652915,0.0,1.1832326480847903,0.11920253074872379,2.5456786717923787,1.0011753031937205,3.2824144503239107e-06,0.35760819726530696,3.0,3.0,2.817076662843124,0.0,0.9972061916003739,2.978662753064337,2.2357219342797438e-05,2.181203191653117,2.9999968188640787
60,2018-10-08 00:00:00+00:00,3.0,2.9999992420237835,2.642385842924928,1.2383976247652915,0.0,1.1832326480847903,0.11920253074872379,2.5456786717923787,0.09146160493010182,3.2824144503239107e-06,0.35760819726530696,1.1367090214170281,3.0,2.817076662843124,0.0,0.01659968331138935,2.978662753064337,2.2357219342797438e-05,2.181203191653117,2.9999968188640787
61,2018-10-09 00:00:00+00:00,3.0,2.9999992420237835,2.642385842924928,1.2383976247652915,0.0,1.1832326480847903,0.11920253074872379,2.5456786717923787,0.09146160493010182,3.2824144503239107e-06,0.35760819726530696,1.1367090214170281,3.0,2.817076662843124,0.0,0.01659968331138935,2.978662753064337,2.2357219342797438e-05,2.181203191653117,2.9999968188640787
62,2018-10-10 00:00:00+00:00,3.0,2.9999992420237835,2.642385842924928,1.2383976247652915,0.0,1.1832326480847903,0.11920253074872379,2.5456786717923787,0.09146160493010182,3.2824144503239107e-06,0.35760819726530696,1.1367090214170281,3.0,2.817076662843124,0.0,0.01659968331138935,2.978662753064337,2.2357219342797438e-05,2.181203191653117,2.9999968188640787
63,2018-10-11 00:00:00+00:00,3.0,2.9999992420237835,2.642385842924928,1.2383976247652915,0.0,1.1832326480847903,0.11920253074872379,2.5456786717923787,0.09146160493010182,3.2824144503239107e-06,0.35760819726530696,1.1367090214170281,3.0,2.817076662843124,0.0,0.01659968331138935,2.978662753064337,2.2357219342797438e-05,2.181203191653117,2.9999968188640787
64,2018-10-12 00:00:00+00:00,3.0,2.9999992420237835,2.642385842924928,1.2383976247652915,0.0,1.1832326480847903,0.11920253074872379,2.5456786717923787,0.09146160493010182,3.2824144503239107e-06,0.35760819726530696,1.1367090214170281,3.0,2.817076662843124,0.0,0.01659968331138935,2.978662753064337,2.2357219342797438e-05,2.181203191653117,2.9999968188640787
65,2018-10-13 00:00:00+00:00,3.0,2.9999992420237835,2.642385842924928,1.2383976247652915,0.0,1.1832326480847903,0.11920253074872379,2.5456786717923787,0.09146160493010182,3.2824144503239107e-06,0.35760819726530696,1.1367090214170281,3.0,2.817076662843124,0.0,0.01659968331138935,2.978662753064337,2.2357219342797438e-05,2.181203191653117,2.9999968188640787
66,2018-10-14 00:00:00+00:00,3.0,2.9999992420237835,2.642385842924928,1.2383976247652915,0.0,1.1832326480847903,0.11920253074872379,2.5456786717923787,0.09146160493010182,3.2824144503239107e-06,0.35760819726530696,1.1367090214170281,3.0,2.817076662843124,0.0,0.01659968331138935,2.978662753064337,2.2357219342797438e-05,2.181203191653117,2.9999968188640787
67,2018-10-15 00:00:00+00:00,3.0,2.9999992420237835,2.642385842924928,1.2383976247652915,0.0,1.1832326480847903,0.11920253074872379,2.5456786717923787,0.09146160493010182,3.2824144503239107e-06,0.35760819726530696,1.1367090214170281,3.0,2.817076662843124,0.0,0.01659968331138935,2.978662753064337,2.2357219342797438e-05,2.181203191653117,2.9999968188640787
68,2018-10-16 00:00:00+00:00,3.0,2.9999992420237835,2.642385842924928,1.2383976247652915,0.0,1.1832326480847903,0.11920253074872379,2.5456786717923787,0.09146160493010182,3.2824144503239107e-06,0.35760819726530696,1.1367090214170281,3.0,2.817076662843124,0.0,0.01659968331138935,2.978662753064337,2.2357219342797438e-05,2.181203191653117,2.9999968188640787
69,2018-10-17 00:00:00+00:00,3.0,2.9999992420237835,2.642385842924928,1.2383976247652915,0.0,1.1832326480847903,0.11920253074872379,2.5456786717923787,0.09146160493010182,3.2824144503239107e-06,0.35760819726530696,1.1367090214170281,3.0,2.817076662843124,0.0,0.01659968331138935,2.978662753064337,2.2357219342797438e-05,2.181203191653117,2.9999968188640787
70,2018-10-18 00:00:00+00:00,3.0,2.9999992420237835,2.642385842924928,1.2383976247652915,0.0,1.1832326480847903,0.11920253074872379,2.5456786717923787,0.09146160493010182,3.2824144503239107e-06,0.35760819726530696,1.1367090214170281,3.0,2.817076662843124,0.0,0.01659968331138935,2.978662753064337,2.2357219342797438e-05,2.181203191653117,2.9999968188640787
71,2018-10-19 00:00:00+00:00,3.0,2.9999992420237835,2.642385842924928,1.2383976247652915,0.0,1.1832326480847903,0.11920253074872379,2.5456786717923787,0.09146160493010182,3.2824144503239107e-06,0.35760819726530696,1.1367090214170281,3.0,2.817076662843124,0.0,0.01659968331138935,2.978662753064337,2.2357219342797438e-05,2.181203191653117,2.9999968188640787
72,2018-10-20 00:00:00+00:00,3.0,2.9999992420237835,2.642385842924928,1.2383976247652915,0.0,1.1832326480847903,0.11920253074872379,2.5456786717923787,0.09146160493010182,3.2824144503239107e-06,0.35760819726530696,1.1367090214170281,3.0,2.817076662843124,0.0,0.01659968331138935,2.978662753064337,2.2357219342797438e-05,2.181203191653117,2.9999968188640787
73,2018-10-21 00:00:00+00:00,3.0,1.0490359511077154,2.642385842924928,1.2383976247652915,2.9492280169644207,1.000007371390126,0.11920253074872379,2.5456786717923787,0.09146160493010182,0.0,0.35760819726530696,1.1367090214170281,3.0,2.817076662843124,0.0,0.01659968331138935,2.978662753064337,2.2357219342797438e-05,0.021663108138307914,0.032971763493408135
74,2018-10-22 00:00:00+00:00,3.0,1.0490359511077154,2.642385842924928,1.2383976247652915,2.9492280169644207,1.000007371390126,0.11920253074872379,2.999988870452155,0.09146160493010182,0.0,0.35760819726530696,1.1367090214170281,3.0,2.817076662843124,0.0,0.01659968331138935,2.978662753064337,2.2357219342797438e-05,0.021663108138307914,0.032971763493408135
75,2018-10-23 00:00:00+00:00,3.0,1.0490359511077154,2.642385842924928,1.2383976247652915,2.9492280169644207,1.000007371390126,0.11920253074872379,2.999988870452155,0.09146160493010182,0.0,0.35760819726530696,1.1367090214170281,3.0,2.817076662843124,0.0,0.01659968331138935,2.978662753064337,2.2357219342797438e-05,0.021663108138307914,0.032971763493408135
76,2018-10-24 00:00:00+00:00,3.0,1.0490359511077154,2.642385842924928,1.2383976247652915,2.9492280169644207,1.000007371390126,0.11920253074872379,2.999988870452155,0.09146160493010182,0.0,0.35760819726530696,1.1367090214170281,3.0,2.817076662843124,0.0,0.01659968331138935,2.978662753064337,2.2357219342797438e-05,0.021663108138307914,0.032971763493408135
77,2018-10-25 00:00:00+00:00,3.0,1.0490359511077154,2.642385842924928,1.2383976247652915,2.9492280169644207,1.000007371390126,0.11920253074872379,2.999988870452155,0.09146160493010182,0.0,0.35760819726530696,1.1367090214170281,3.0,2.817076662843124,0.0,0.01659968331138935,2.978662753064337,2.2357219342797438e-05,0.021663108138307914,0.032971763493408135
78,2018-10-26 00:00:00+00:00,3.0,1.0490359511077154,2.642385842924928,1.2383976247652915,2.9492280169644207,1.000007371390126,0.11920253074872379,2.999988870452155,0.09146160493010182,0.0,0.35760819726530696,1.1367090214170281,3.0,2.817076662843124,0.0,0.01659968331138935,2.978662753064337,2.2357219342797438e-05,0.021663108138307914,0.032971763493408135
79,2018-10-27 00:00:00+00:00,3.0,1.0490359511077154,2.642385842924928,1.2383976247652915,2.9492280169644207,1.000007371390126,0.11920253074872379,2.999988870452155,0.09146160493010182,0.0,0.35760819726530696,1.1367090214170281,3.0,2.817076662843124,0.0,0.01659968331138935,2.978662753064337,2.2357219342797438e-05,0.021663108138307914,0.032971763493408135
80,2018-10-28 00:00:00+00:00,3.0,1.0490359511077154,2.999988899598076,1.2383976247652915,2.9492280169644207,1.000007371390126,0.11920253074872379,2.999988870452155,1.785987049322243e-06,0.0,0.9928911830745919,2.9668007548366764,3.0,2.817076662843124,0.0,0.9890130582515858,2.978662753064337,2.9670391274167525,0.021663108138307914,0.032971763493408135
81,2018-10-29 00:00:00+00:00,3.0,1.0490359511077154,2.999988899598076,0.007117781844230215,2.9492280169644207,1.000007371390126,0.9928875971070631,2.999988870452155,1.785987049322243e-06,0.0,0.9928911830745919,2.9668007548366764,3.0,2.9999982974428905,0.0,0.9890130582515858,2.978662753064337,2.9670391274167525,0.021663108138307914,0.032971763493408135
82,2018-10-30 00:00:00+00:00,3.0,1.0490359511077154,2.999988899598076,0.007117781844230215,2.9492280169644207,1.000007371390126,0.9928875971070631,2.999988870452155,1.785987049322243e-06,0.0,0.9928911830745919,2.9668007548366764,3.0,2.9999982974428905,0.0,0.9890130582515858,0.008381432355970738,2.9670391274167525,0.021663108138307914,0.032971763493408135
83,2018-10-31 00:00:00+00:00,3.0,1.0490359511077154,2.999988899598076,0.007117781844230215,2.9492280169644207,1.000007371390126,0.9928875971070631,2.999988870452155,1.785987049322243e-06,0.0,0.9928911830745919,2.9668007548366764,3.0,2.9999982974428905,0.0,0.9890130582515858,0.008381432355970738,2.9670391274167525,0.021663108138307914,0.032971763493408135
84,2018-11-01 00:00:00+00:00,3.0,1.0490359511077154,2.999988899598076,0.007117781844230215,2.9492280169644207,1.000007371390126,0.9928875971070631,2.999988870452155,1.785987049322243e-06,0.0,0.9928911830745919,2.9668007548366764,3.0,2.9999982974428905,0.0,0.9890130582515858,0.008381432355970738,2.9670391274167525,0.021663108138307914,0.032971763493408135
85,2018-11-02 00:00:00+00:00,3.0,1.0490359511077154,2.999988899598076,0.007117781844230215,2.9492280169644207,1.000007371390126,0.9928875971070631,2.999988870452155,1.785987049322243e-06,0.0,0.9928911830745919,2.9668007548366764,3.0,2.9999982974428905,0.0,0.9890130582515858,0.008381432355970738,2.9670391274167525,0.021663108138307914,0.032971763493408135
86,2018-11-03 00:00:00+00:00,3.0,1.0490359511077154,2.999988899598076,0.007117781844230215,2.9492280169644207,1.000007371390126,0.9928875971070631,2.999988870452155,1.785987049322243e-06,0.0,0.9928911830745919,2.9668007548366764,3.0,2.9999982974428905,0.0,0.9890130582515858,0.008381432355970738,2.9670391274167525,0.021663108138307914,0.032971763493408135
87,2018-11-04 00:00:00+00:00,1.3740737670088803,0.11924080081947995,2.999988899598076,0.007117781844230215,0.27438281561105393,1.000007371390126,0.9928875971070631,2.9999999999999996,1.785987049322243e-06,0.0,0.9928911830745919,2.9668007548366764,3.0,2.9999982974428905,2.7256108341273233,0.9890130582515858,0.008381432355970738,2.9670391274167525,2.7256157561193124,4.921991988885902e-06
88,2018-11-05 00:00:00+00:00,1.3740737670088803,0.11924080081947995,2.999988899598076,0.007117781844230215,0.27438281561105393,2.863287854904146,0.9928875971070631,2.9999999999999996,1.785987049322243e-06,0.0,0.9928911830745919,2.9668007548366764,3.0,2.9999982974428905,2.7256108341273233,0.9890130582515858,0.008381432355970738,2.9670391274167525,2.7256157561193124,4.921991988885902e-06
89,2018-11-06 00:00:00+00:00,1.3740737670088803,0.11924080081947995,2.999988899598076,0.007117781844230215,0.27438281561105393,2.863287854904146,0.9928875971070631,2.9999999999999996,1.785987049322243e-06,2.8506446364578,0.9928911830745919,2.9668007548366764,3.0,2.9999982974428905,2.7256108341273233,0.9890130582515858,0.008381432355970738,2.9670391274167525,2.7256157561193124,4.921991988885902e-06
90,2018-11-07 00:00:00+00:00,1.3740737670088803,0.11924080081947995,2.999988899598076,0.007117781844230215,0.27438281561105393,2.863287854904146,0.9928875971070631,2.9999999999999996,1.785987049322243e-06,2.8506446364578,0.9928911830745919,2.9668007548366764,3.0,2.9999982974428905,2.7256108341273233,0.9890130582515858,0.008381432355970738,2.9670391274167525,2.7256157561193124,4.921991988885902e-06
91,2018-11-08 00:00:00+00:00,1.3740737670088803,0.11924080081947995,2.999988899598076,0.007117781844230215,0.27438281561105393,2.863287854904146,0.9928875971070631,2.9999999999999996,1.785987049322243e-06,2.8506446364578,0.9928911830745919,2.9668007548366764,3.0,2.9999982974428905,2.7256108341273233,0.9890130582515858,0.008381432355970738,2.9670391274167525,2.7256157561193124,4.921991988885902e-06
92,2018-11-09 00:00:00+00:00,1.3740737670088803,0.11924080081947995,2.999988899598076,0.007117781844230215,0.27438281561105393,2.863287854904146,0.9928875971070631,2.9999999999999996,1.785987049322243e-06,2.8506446364578,0.9928911830745919,2.9668007548366764,3.0,2.9999982974428905,2.7256108341273233,0.9890130582515858,0.008381432355970738,2.9670391274167525,2.7256157561193124,4.921991988885902e-06
93,2018-11-10 00:00:00+00:00,1.3740737670088803,0.11924080081947995,2.999988899598076,0.007117781844230215,0.27438281561105393,2.863287854904146,0.9928875971070631,2.9999999999999996,1.785987049322243e-06,2.8506446364578,0.9928911830745919,2.9668007548366764,3.0,2.9999982974428905,2.7256108341273233,0.9890130582515858,0.008381432355970738,2.9670391274167525,2.7256157561193124,4.921991988885902e-06
94,2018-11-11 00:00:00+00:00,1.3740737670088803,0.11924080081947995,2.999988899598076,0.007117781844230215,1.8751561745493561,2.863287854904146,0.11920273242176899,2.9999999999999996,1.785987049322243e-06,1.861484890771652,0.9999984094320393,2.9668007548366764,3.0,2.9999982974428905,2.9866826715035826,0.9999966142038217,0.008381432355970738,2.9670391274167525,2.7256157561193124,4.921991988885902e-06
95,2018-11-12 00:00:00+00:00,1.0219600009002998,0.11924080081947995,2.999988899598076,0.007117781844230215,1.8751561745493561,1.7529601499616474,0.11920273242176899,2.9999999999999996,1.785987049322243e-06,1.861484890771652,0.9999984094320393,2.9999932284076434,3.0,2.9999982974428905,2.9866826715035826,0.9999966142038217,0.008381432355970738,2.9670391274167525,2.7256157561193124,4.921991988885902e-06
96,2018-11-13 00:00:00+00:00,1.0219600009002998,0.11924080081947995,2.999988899598076,0.007117781844230215,1.8751561745493561,1.7529601499616474,0.11920273242176899,2.9999999999999996,1.785987049322243e-06,1.861484890771652,0.9999984094320393,2.9999932284076434,3.0,2.9999982974428905,2.9866826715035826,0.9999966142038217,0.008381432355970738,2.9670391274167525,2.7256157561193124,4.921991988885902e-06
97,2018-11-14 00:00:00+00:00,1.0219600009002998,0.11924080081947995,2.999988899598076,0.007117781844230215,1.8751561745493561,1.7529601499616474,0.11920273242176899,2.9999999999999996,1.785987049322243e-06,1.861484890771652,0.9999984094320393,2.9999932284076434,3.0,2.9999982974428905,2.9866826715035826,0.9999966142038217,0.008381432355970738,2.9670391274167525,2.7256157561193124,4.921991988885902e-06
98,2018-11-15 00:00:00+00:00,1.0219600009002998,0.11924080081947995,2.999988899598076,0.007117781844230215,1.8751561745493561,1.7529601499616474,0.11920273242176899,2.9999999999999996,1.785987049322243e-06,1.861484890771652,0.9999984094320393,2.9999932284076434,3.0,2.9999982974428905,2.9866826715035826,0.9999966142038217,0.008381432355970738,2.9670391274167525,2.7256157561193124,4.921991988885902e-06
99,2018-11-16 00:00:00+00:00,1.0219600009002998,0.11924080081947995,2.999988899598076,0.007117781844230215,1.8751561745493561,1.7529601499616474,0.11920273242176899,2.9999999999999996,1.785987049322243e-06,1.861484890771652,0.9999984094320393,2.9999932284076434,3.0,2.9999982974428905,2.9866826715035826,0.9999966142038217,0.008381432355970738,2.9670391274167525,2.7256157561193124,4.921991988885902e-06
100,2018-11-17 00:00:00+00:00,1.0219600009002998,0.11924080081947995,2.999988899598076,0.007117781844230215,1.8751561745493561,1.7529601499616474,0.11920273242176899,2.9999999999999996,1.785987049322243e-06,1.861484890771652,0.9999984094320393,2.9999932284076434,3.0,2.9999982974428905,2.9866826715035826,0.9999966142038217,0.008381432355970738,2.9670391274167525,2.7256157561193124,4.921991988885902e-06
101,2018-11-18 00:00:00+00:00,1.0219600009002998,0.11924080081947995,2.999988899598076,0.007117781844230215,1.8751561745493561,1.7529601499616474,0.11920273242176899,2.9999999999999996,1.785987049322243e-06,1.861484890771652,0.9999984094320393,2.9999932284076434,3.0,2.9999982974428905,2.9866826715035826,0.9999966142038217,0.008381432355970738,2.9670391274167525,2.7256157561193124,4.921991988885902e-06
102,2018-11-19 00:00:00+00:00,1.0219600009002998,0.11924080081947995,2.999988899598076,0.007117781844230215,1.8751561745493561,1.7529601499616474,0.11920273242176899,2.9999999999999996,1.785987049322243e-06,1.861484890771652,0.9999984094320393,2.9999932284076434,3.0,2.9999982974428905,2.9866826715035826,0.9999966142038217,0.008381432355970738,2.9670391274167525,2.7256157561193124,4.921991988885902e-06
103,2018-11-20 00:00:00+00:00,1.0219600009002998,0.11924080081947995,2.999988899598076,0.007117781844230215,1.8751561745493561,1.7529601499616474,0.11920273242176899,2.9999999999999996,1.785987049322243e-06,1.861484890771652,0.9999984094320393,2.9999932284076434,3.0,2.9999982974428905,2.9866826715035826,0.9999966142038217,0.008381432355970738,2.9670391274167525,2.7256157561193124,4.921991988885902e-06
104,2018-11-21 00:00:00+00:00,1.0219600009002998,0.11924080081947995,2.999988899598076,0.007117781844230215,1.8751561745493561,1.7529601499616474,0.11920273242176899,2.9999999999999996,1.785987049322243e-06,1.861484890771652,0.9999984094320393,2.9999932284076434,3.0,2.9999982974428905,2.9866826715035826,0.9999966142038217,0.008381432355970738,2.9670391274167525,2.7256157561193124,4.921991988885902e-06
105,2018-11-22 00:00:00+00:00,1.0219600009002998,0.11924080081947995,2.999988899598076,0.007117781844230215,1.8751561745493561,1.7529601499616474,0.11920273242176899,2.9999999999999996,1.785987049322243e-06,1.861484890771652,0.9999984094320393,2.9999932284076434,3.0,2.9999982974428905,2.9866826715035826,0.9999966142038217,0.008381432355970738,2.9670391274167525,2.7256157561193124,4.921991988885902e-06
106,2018-11-23 00:00:00+00:00,1.0219600009002998,0.11924080081947995,2.999988899598076,0.007117781844230215,1.8751561745493561,1.7529601499616474,0.11920273242176899,2.9999999999999996,1.785987049322243e-06,1.861484890771652,0.9999984094320393,2.9999932284076434,3.0,2.9999982974428905,2.9866826715035826,0.9999966142038217,0.008381432355970738,2.9670391274167525,2.7256157561193124,4.921991988885902e-06
107,2018-11-24 00:00:00+00:00,1.0219600009002998,0.11924080081947995,2.999988899598076,0.007117781844230215,1.8751561745493561,1.7529601499616474,0.11920273242176899,2.9999999999999996,1.785987049322243e-06,1.861484890771652,0.9999984094320393,2.9999932284076434,3.0,2.9999982974428905,2.9866826715035826,0.9999966142038217,0.008381432355970738,2.9670391274167525,2.7256157561193124,4.921991988885902e-06
108,2018-11-25 00:00:00+00:00,1.0219600009002998,0.11924080081947995,1.0003749668525728,0.007117781844230215,1.8751561745493561,1.7529601499616474,0.11920273242176899,2.9999999999999996,2.999437549677479,1.861484890771652,0.9999984094320393,2.9999932284076434,3.0,1.0011753184783805,2.9866826715035826,0.9999966142038217,2.9969735235674624,0.0005624502538499545,0.032960769024167794,4.921991988885902e-06
109,2018-11-26 00:00:00+00:00,1.0219600009002998,1.7976915455950952e-06,1.0003749668525728,0.007117781844230215,1.8751561745493561,1.7529601499616474,0.11920273242176899,2.9999999999999996,2.999437549677479,1.861484890771652,0.9999984094320393,2.9999932284076434,3.0,1.0011753184783805,2.9866826715035826,0.9999966142038217,2.9969735235674624,0.0005624502538499545,0.032960769024167794,0.0
110,2018-11-27 00:00:00+00:00,1.0219600009002998,1.7976915455950952e-06,1.0003749668525728,1.0398554196715252e-12,1.8751561745493561,1.7529601499616474,0.11920273242176899,2.9999999999999996,2.999437549677479,1.861484890771652,0.9999984094320393,2.9999932284076434,3.0,1.0011753184783805,2.9866826715035826,0.9999966142038217,2.9969735235674624,0.0005624502538499545,0.032960769024167794,0.0
111,2018-11-28 00:00:00+00:00,1.0219600009002998,1.7976915455950952e-06,1.0003749668525728,1.0398554196715252e-12,1.8751561745493561,1.7529601499616474,0.11920273242176899,2.9999999999999996,2.999437549677479,1.861484890771652,0.9999984094320393,2.9999932284076434,3.0,1.0011753184783805,2.9866826715035826,0.9999966142038217,2.9969735235674624,0.0005624502538499545,0.032960769024167794,0.0
112,2018-11-29 00:00:00+00:00,1.0219600009002998,1.7976915455950952e-06,1.0003749668525728,1.0398554196715252e-12,1.8751561745493561,1.7529601499616474,0.11920273242176899,2.9999999999999996,2.999437549677479,1.861484890771652,0.9999984094320393,2.9999932284076434,3.0,1.0011753184783805,2.9866826715035826,0.9999966142038217,2.9969735235674624,0.0005624502538499545,0.032960769024167794,0.0
113,2018-11-30 00:00:00+00:00,1.0219600009002998,1.7976915455950952e-06,1.0003749668525728,1.0398554196715252e-12,1.8751561745493561,1.7529601499616474,0.11920273242176899,2.9999999999999996,2.999437549677479,1.861484890771652,0.9999984094320393,2.9999932284076434,3.0,1.0011753184783805,2.9866826715035826,0.9999966142038217,2.9969735235674624,0.0005624502538499545,0.032960769024167794,0.0
114,2018-12-01 00:00:00+00:00,1.0219600009002998,1.7976915455950952e-06,1.0003749668525728,1.0398554196715252e-12,2.9990049993604817,1.7529601499616474,0.11920273242176899,2.9999999999999996,2.999437549677479,1.861484890771652,0.9999984094320393,2.9999932284076434,3.0,1.0011753184783805,2.9866826715035826,0.9999966142038217,2.9969735235674624,0.0005624502538499545,0.032960769024167794,0.0
115,2018-12-02 00:00:00+00:00,1.0219600009002998,1.7976915455950952e-06,1.0003749668525728,1.0398554196715252e-12,2.9990049993604817,1.7529601499616474,2.967031922201655,2.9999999999999996,2.999437549677479,0.013969238266319736,2.978018824337728,2.9999932284076434,3.0,1.0011753184783805,0.03394489651635403,1.0,2.9969735235674624,0.0005624502538499545,0.032960769024167794,0.0
116,2018-12-03 00:00:00+00:00,2.9776593413622967,1.7976915455950952e-06,1.0003749668525728,1.0398554196715252e-12,2.9990049993604817,2.978033402748776,2.967031922201655,2.9999999999999996,2.999437549677479,0.013969238266319736,2.978018824337728,2.9999999999999996,3.0,1.0011753184783805,0.03394489651635403,1.0,2.9969735235674624,0.0005624502538499545,0.032960769024167794,0.0
117,2018-12-04 00:00:00+00:00,2.9776593413622967,1.7976915455950952e-06,1.0003749668525728,1.0398554196715252e-12,2.9990049993604817,2.978033402748776,2.967031922201655,2.9999999999999996,2.999437549677479,0.013969238266319736,2.978018824337728,2.9999999999999996,3.0,1.0011753184783805,0.03394489651635403,1.0,2.9969735235674624,0.0005624502538499545,0.032960769024167794,0.0
118,2018-12-05 00:00:00+00:00,2.9776593413622967,2.2051093219935796,2.549278176621058,1.0398554196715252e-12,2.9990049993604817,2.978033402748776,2.967031922201655,2.9999999999999996,2.999437549677479,0.013969238266319736,2.978018824337728,2.9999999999999996,3.0,1.0011753184783805,0.03394489651635403,1.0,2.9969735235674624,4.224671659115208e-07,2.3239323456559142,0.0
119,2018-12-06 00:00:00+00:00,2.9776593413622967,2.2051093219935796,2.549278176621058,0.0,2.9990049993604817,2.978033402748776,2.967031922201655,1.3740911124771287,1.3740712893357867,0.013969238266319736,2.978018824337728,2.9999999999999996,3.0,1.0000002955791456,0.03394489651635403,1.0,2.9999979089500153,4.224671659115208e-07,2.3239323456559142,2.323865005096829
120,2018-12-07 00:00:00+00:00,2.9776593413622967,2.2051093219935796,2.549278176621058,0.0,2.9990049993604817,2.978033402748776,2.967031922201655,1.3740911124771287,1.3740712893357867,0.013969238266319736,2.978018824337728,2.9999999999999996,3.0,1.0000002955791456,0.03394489651635403,1.0,2.9999979089500153,4.224671659115208e-07,2.3239323456559142,2.323865005096829
121,2018-12-08 00:00:00+00:00,2.9776593413622967,2.2051093219935796,2.549278176621058,0.0,2.9990049993604817,2.978033402748776,2.967031922201655,1.3740911124771287,1.3740712893357867,0.013969238266319736,2.978018824337728,2.9999999999999996,3.0,1.0000002955791456,0.03394489651635403,1.0,2.9999979089500153,4.224671659115208e-07,2.3239323456559142,2.323865005096829
122,2018-12-09 00:00:00+00:00,2.99926824972451,1.256687712194288,2.549278176621058,1.4003507756623075,3.0,2.999582463500551,2.967031922201655,1.3740911124771287,1.3740712893357867,0.013969238266319736,1.0268967707864247,2.9999999999999996,3.0,1.9767583476485524,0.03394489651635403,1.0,2.9999979089500153,4.224671659115208e-07,2.795432244306337,2.323865005096829
123,2018-12-10 00:00:00+00:00,2.99926824972451,1.256687712194288,2.549278176621058,1.4003507756623075,3.0,2.999582463500551,2.967031922201655,1.3740911124771287,1.3740712893357867,0.013969238266319736,1.0268967707864247,2.9999999999999996,3.0,1.9767583476485524,0.00021431082406804533,1.0,2.9999979089500153,4.224671659115208e-07,2.795432244306337,2.323865005096829
124,2018-12-11 00:00:00+00:00,2.99926824972451,1.256687712194288,2.549278176621058,1.4003507756623075,3.0,2.999582463500551,2.967031922201655,1.0600507370358456,1.3740712893357867,0.013969238266319736,1.0268967707864247,2.9999999999999996,3.0,1.9767583476485524,0.00021431082406804533,1.0,2.9999979089500153,4.224671659115208e-07,2.795432244306337,2.323865005096829
125,2018-12-12 00:00:00+00:00,2.99926824972451,1.256687712194288,2.549278176621058,1.4003507756623075,3.0,2.999582463500551,2.967031922201655,1.0600507370358456,1.3740712893357867,0.013969238266319736,1.0268967707864247,2.9999999999999996,3.0,1.9767583476485524,0.00021431082406804533,1.0,2.9999979089500153,4.224671659115208e-07,2.795432244306337,2.323865005096829
126,2018-12-13 00:00:00+00:00,2.99926824972451,1.256687712194288,2.549278176621058,1.4003507756623075,3.0,2.999582463500551,2.967031922201655,1.0600507370358456,1.3740712893357867,0.013969238266319736,1.0268967707864247,2.9999999999999996,3.0,1.9767583476485524,0.00021431082406804533,1.0,2.9999979089500153,4.224671659115208e-07,2.795432244306337,2.323865005096829
127,2018-12-14 00:00:00+00:00,2.99926824972451,1.256687712194288,2.549278176621058,1.4003507756623075,3.0,2.999582463500551,2.967031922201655,1.0600507370358456,1.3740712893357867,0.013969238266319736,1.0268967707864247,2.9999999999999996,3.0,1.9767583476485524,0.00021431082406804533,1.0,2.9999979089500153,4.224671659115208e-07,2.795432244306337,2.323865005096829
128,2018-12-15 00:00:00+00:00,2.99926824972451,1.256687712194288,2.549278176621058,1.4003507756623075,3.0,2.999582463500551,2.967031922201655,1.0600507370358456,1.3740712893357867,0.013969238266319736,1.0268967707864247,2.9999999999999996,3.0,1.9767583476485524,0.00021431082406804533,1.0,2.9999979089500153,4.224671659115208e-07,2.795432244306337,2.323865005096829
129,2018-12-16 00:00:00+00:00,2.99926824972451,1.256687712194288,2.549278176621058,1.4003507756623075,3.0,2.999582463500551,2.999990152756649,1.0600507370358456,0.2792737403124858,3.2824144503239107e-06,1.0268967707864247,2.9999999999999996,3.0,1.9767583476485524,0.00021431082406804533,1.0,3.0,2.304089414445814,2.795432244306337,2.963233402298971
130,2018-12-17 00:00:00+00:00,2.99926824972451,1.256687712194288,0.5636481908293878,1.4003507756623075,3.0,2.999582463500551,2.999990152756649,1.0600507370358456,0.2792737403124858,3.2824144503239107e-06,1.0268967707864247,3.0,3.0,1.9767583476485524,0.00021431082406804533,2.8170738894182157,3.0,2.304089414445814,2.795432244306337,2.963233402298971
131,2018-12-18 00:00:00+00:00,2.99926824972451,1.256687712194288,0.5636481908293878,1.4003507756623075,3.0,2.999582463500551,2.999990152756649,1.0600507370358456,0.2792737403124858,3.2824144503239107e-06,1.0268967707864247,3.0,3.0,1.9767583476485524,0.00021431082406804533,2.8170738894182157,3.0,2.304089414445814,2.795432244306337,2.963233402298971
132,2018-12-19 00:00:00+00:00,2.99926824972451,1.256687712194288,0.5636481908293878,1.4003507756623075,3.0,2.999582463500551,2.999990152756649,1.0600507370358456,0.2792737403124858,3.2824144503239107e-06,1.0268967707864247,3.0,3.0,1.9767583476485524,0.00021431082406804533,2.8170738894182157,3.0,2.304089414445814,2.795432244306337,2.963233402298971
133,2018-12-20 00:00:00+00:00,2.99926824972451,1.256687712194288,0.5636481908293878,1.4003507756623075,3.0,2.999582463500551,2.999990152756649,1.0600507370358456,0.2792737403124858,3.2824144503239107e-06,1.0268967707864247,3.0,3.0,1.9767583476485524,0.00021431082406804533,2.8170738894182157,3.0,2.304089414445814,2.795432244306337,2.963233402298971
134,2018-12-21 00:00:00+00:00,2.99926824972451,1.256687712194288,0.5636481908293878,1.4003507756623075,3.0,2.999582463500551,2.999990152756649,1.0600507370358456,0.2792737403124858,3.2824144503239107e-06,1.0268967707864247,3.0,3.0,1.9767583476485524,0.00021431082406804533,2.8170738894182157,3.0,2.304089414445814,2.795432244306337,2.963233402298971
135,2018-12-22 00:00:00+00:00,2.99926824972451,1.256687712194288,0.5636481908293878,1.4003507756623075,3.0,2.999582463500551,2.999990152756649,1.0600507370358456,0.2792737403124858,3.2824144503239107e-06,1.0268967707864247,3.0,3.0,1.9767583476485524,0.00021431082406804533,2.8170738894182157,3.0,2.304089414445814,2.795432244306337,1.191598674643766
136,2018-12-23 00:00:00+00:00,3.0,2.734459205846037,0.5636481908293878,1.4003507756623075,0.2920088204438268,0.38321342526201413,2.999990152756649,1.0600507370358456,0.2792737403124858,0.0,1.0268967707864247,3.0,1.0412117523863456,1.9767583476485524,0.8407791500858349,2.8170738894182157,3.0,2.304089414445814,0.4402584592248655,1.191598674643766
137,2018-12-24 00:00:00+00:00,3.0,2.734459205846037,0.5636481908293878,1.4003507756623075,0.2920088204438268,0.38321342526201413,2.999990152756649,0.17690190623615124,0.2792737403124858,0.0,1.0268967707864247,3.0,1.0412117523863456,1.9767583476485524,0.8407791500858349,2.8170738894182157,3.0,2.304089414445814,0.4402584592248655,1.191598674643766
138,2018-12-25 00:00:00+00:00,3.0,2.734459205846037,0.5636481908293878,1.4003507756623075,0.2920088204438268,0.38321342526201413,2.999990152756649,0.17690190623615124,0.2792737403124858,0.0,1.0268967707864247,3.0,1.0412117523863456,1.9767583476485524,0.8407791500858349,2.8170738894182157,3.0,2.304089414445814,0.4402584592248655,1.191598674643766
139,2018-12-26 00:00:00+00:00,3.0,2.734459205846037,0.5636481908293878,1.4003507756623075,0.2920088204438268,0.38321342526201413,2.999990152756649,0.17690190623615124,0.2792737403124858,0.0,1.0268967707864247,3.0,1.0412117523863456,1.9767583476485524,0.8407791500858349,2.8170738894182157,3.0,2.304089414445814,0.4402584592248655,1.191598674643766
140,2018-12-27 00:00:00+00:00,3.0,2.734459205846037,0.7869194887882205,0.10496047481933989,0.2920088204438268,0.38321342526201413,1.4527585643298657,0.17690190623615124,0.776561845258231,0.0,2.894088360911787,3.0,1.0412117523863456,2.9787949112156937,0.8407791500858349,2.8170738894182157,3.0,0.5578583486663257,0.4402584592248655,1.191598674643766
141,2018-12-28 00:00:00+00:00,3.0,2.734459205846037,0.7869194887882205,0.10496047481933989,0.2920088204438268,0.38321342526201413,1.4527585643298657,0.17690190623615124,0.776561845258231,0.0,2.894088360911787,3.0,1.0412117523863456,2.9787949112156937,0.8407791500858349,0.5613167724157404,3.0,0.5578583486663257,0.4402584592248655,1.191598674643766
142,2018-12-29 00:00:00+00:00,3.0,2.734459205846037,0.7869194887882205,0.10496047481933989,0.2920088204438268,0.38321342526201413,1.4527585643298657,0.17690190623615124,0.776561845258231,0.0,2.894088360911787,3.0,1.0412117523863456,2.9787949112156937,0.8407791500858349,0.5613167724157404,3.0,0.5578583486663257,0.4402584592248655,1.191598674643766
143,2018-12-30 00:00:00+00:00,3.0,2.734459205846037,1.910663413832181,0.10496047481933989,0.2920088204438268,0.38321342526201413,1.4527585643298657,0.17690190623615124,1.9395191633373225,0.0,1.422904634274286,3.0,1.0412117523863456,2.9787949112156937,0.8407791500858349,0.5613167724157404,1.5348624785271716,0.6866639752733901,0.4402584592248655,1.191598674643766
144,2018-12-31 00:00:00+00:00,3.0,2.734459205846037,1.910663413832181,1.6274939948541043,0.2920088204438268,0.38321342526201413,0.5904369323471792,0.17690190623615124,1.9395191633373225,0.0,1.422904634274286,3.0,1.0412117523863456,3.0,0.8407791500858349,0.15003390732247096,1.5348624785271716,0.6866639752733901,0.4402584592248655,1.191598674643766
145,2019-01-01 00:00:00+00:00,3.0,2.734459205846037,1.910663413832181,1.6274939948541043,0.2920088204438268,0.38321342526201413,0.5904369323471792,0.17690190623615124,1.9395191633373225,0.0,1.422904634274286,3.0,1.0412117523863456,3.0,0.8407791500858349,0.15003390732247096,1.5348624785271716,0.6866639752733901,0.4402584592248655,1.191598674643766
146,2019-01-02 00:00:00+00:00,3.0,2.734459205846037,1.910663413832181,1.6274939948541043,0.003742501978351023,0.38321342526201413,0.5904369323471792,0.004958278627067515,1.9395191633373225,0.0,1.422904634274286,3.0,1.0412117523863456,3.0,0.8407791500858349,0.15003390732247096,1.5348624785271716,0.6866639752733901,0.4402584592248655,1.191598674643766
147,2019-01-03 00:00:00+00:00,3.0,1.3729442376729604,1.910663413832181,1.6274939948541043,0.003742501978351023,0.8147583219932781,0.5904369323471792,0.004958278627067515,1.9395191633373225,0.0,1.422904634274286,3.0,1.0412117523863456,3.0,0.1867776653575948,0.15003390732247096,1.5348624785271716,0.6866639752733901,0.8147583219932781,0.06006346389493754
148,2019-01-04 00:00:00+00:00,3.0,1.3729442376729604,1.910663413832181,1.6274939948541043,0.003742501978351023,0.8147583219932781,0.5904369323471792,0.004958278627067515,1.9395191633373225,0.0,1.422904634274286,3.0,2.552529235196539,3.0,0.1867776653575948,0.15003390732247096,1.5348624785271716,0.6866639752733901,0.8147583219932781,0.06006346389493754
149,2019-01-05 00:00:00+00:00,3.0,1.3729442376729604,1.910663413832181,1.6274939948541043,0.003742501978351023,0.8147583219932781,0.5904369323471792,0.004958278627067515,1.9395191633373225,0.0,1.422904634274286,3.0,2.552529235196539,3.0,0.1867776653575948,0.15003390732247096,1.5348624785271716,0.6866639752733901,0.8147583219932781,0.06006346389493754
150,2019-01-06 00:00:00+00:00,3.0,1.3729442376729604,1.910663413832181,1.6274939948541043,0.003742501978351023,0.8147583219932781,0.5904369323471792,0.004958278627067515,1.9395191633373225,0.0,1.422904634274286,3.0,2.552529235196539,3.0,0.1867776653575948,0.15003390732247096,1.5348624785271716,0.6866639752733901,0.8147583219932781,0.06006346389493754
151,2019-01-07 00:00:00+00:00,3.0,1.3729442376729604,1.910663413832181,1.6274939948541043,0.003742501978351023,0.8147583219932781,0.5904369323471792,0.004958278627067515,1.9395191633373225,0.0,1.422904634274286,3.0,2.552529235196539,3.0,0.1867776653575948,0.15003390732247096,1.5348624785271716,0.6866639752733901,0.8147583219932781,0.06006346389493754
152,2019-01-08 00:00:00+00:00,3.0,1.3729442376729604,1.910663413832181,1.6274939948541043,0.003742501978351023,0.8147583219932781,0.5904369323471792,0.004958278627067515,1.9395191633373225,0.0,1.422904634274286,3.0,2.552529235196539,3.0,0.1867776653575948,0.15003390732247096,1.5348624785271716,0.6866639752733901,0.8147583219932781,0.06006346389493754
153,2019-01-09 00:00:00+00:00,3.0,1.3729442376729604,1.910663413832181,1.6274939948541043,0.003742501978351023,0.8147583219932781,0.5904369323471792,0.004958278627067515,1.9395191633373225,0.0,1.422904634274286,3.0,2.552529235196539,3.0,0.1867776653575948,0.15003390732247096,1.5348624785271716,0.6866639752733901,0.8147583219932781,0.06006346389493754
154,2019-01-10 00:00:00+00:00,3.0,1.3729442376729604,1.910663413832181,1.6274939948541043,0.003742501978351023,0.8147583219932781,0.5904369323471792,0.004958278627067515,1.9395191633373225,0.0,1.422904634274286,3.0,2.552529235196539,3.0,0.1867776653575948,0.15003390732247096,1.5348624785271716,0.6866639752733901,0.8147583219932781,0.06006346389493754
155,2019-01-11 00:00:00+00:00,3.0,1.3729442376729604,1.910663413832181,1.6274939948541043,0.003742501978351023,0.8147583219932781,0.5904369323471792,0.004958278627067515,1.9395191633373225,0.0,1.422904634274286,3.0,2.552529235196539,3.0,0.1867776653575948,0.15003390732247096,1.5348624785271716,0.6866639752733901,0.8147583219932781,0.06006346389493754
156,2019-01-12 00:00:00+00:00,3.0,1.3729442376729604,1.910663413832181,1.6274939948541043,0.003742501978351023,0.8147583219932781,0.5904369323471792,0.004958278627067515,1.9395191633373225,0.0,1.422904634274286,3.0,2.552529235196539,3.0,0.1867776653575948,0.15003390732247096,1.5348624785271716,0.6866639752733901,0.8147583219932781,0.06006346389493754
157,2019-01-13 00:00:00+00:00,3.0,1.3729442376729604,0.38594596323426456,2.867663836283736,0.7680298048152713,2.457166118496048,0.044112054572087896,0.004958278627067515,1.9395191633373225,0.0,0.1323361637162637,3.0,2.552529235196539,3.0,0.1867776653575948,0.15003390732247096,1.5348624785271716,0.6866639752733901,2.450097454962065,0.06006346389493754
158,2019-01-14 00:00:00+00:00,3.0,1.3729442376729604,0.38594596323426456,2.867663836283736,0.7680298048152713,2.457166118496048,0.044112054572087896,2.522337450257505,1.9395191633373225,0.0,0.1323361637162637,3.0,2.552529235196539,3.0,0.1867776653575948,0.15003390732247096,0.06863127658003876,0.6866639752733901,2.450097454962065,0.06006346389493754
159,2019-01-15 00:00:00+00:00,3.0,1.3729442376729604,0.38594596323426456,2.867663836283736,0.7680298048152713,2.457166118496048,0.044112054572087896,2.522337450257505,1.9395191633373225,0.0,0.1323361637162637,3.0,2.9935033247305274,3.0,0.1867776653575948,0.15003390732247096,0.06863127658003876,0.6866639752733901,2.450097454962065,0.06006346389493754
160,2019-01-16 00:00:00+00:00,3.0,1.3729442376729604,0.38594596323426456,2.867663836283736,0.7680298048152713,2.457166118496048,0.044112054572087896,2.522337450257505,1.9395191633373225,0.0,0.1323361637162637,3.0,2.9935033247305274,3.0,0.1867776653575948,0.15003390732247096,0.06863127658003876,0.6866639752733901,2.450097454962065,0.06006346389493754
161,2019-01-17 00:00:00+00:00,3.0,1.3729442376729604,0.38594596323426456,2.867663836283736,0.7680298048152713,2.457166118496048,0.044112054572087896,2.522337450257505,1.9395191633373225,0.0,0.1323361637162637,3.0,2.9935033247305274,3.0,0.1867776653575948,0.15003390732247096,0.06863127658003876,0.6866639752733901,2.450097454962065,0.06006346389493754
162,2019-01-18 00:00:00+00:00,3.0,1.3729442376729604,0.38594596323426456,2.867663836283736,0.7680298048152713,2.457166118496048,0.044112054572087896,2.522337450257505,1.9395191633373225,0.0,0.1323361637162637,3.0,2.9935033247305274,3.0,0.1867776653575948,0.15003390732247096,0.06863127658003876,0.6866639752733901,2.450097454962065,0.06006346389493754
163,2019-01-19 00:00:00+00:00,3.0,1.3729442376729604,0.38594596323426456,2.867663836283736,0.7680298048152713,2.457166118496048,0.044112054572087896,2.522337450257505,1.9395191633373225,0.0,0.1323361637162637,3.0,2.9935033247305274,3.0,0.1867776653575948,0.15003390732247096,0.06863127658003876,0.6866639752733901,2.450097454962065,0.06006346389493754
164,2019-01-20 00:00:00+00:00,3.0000000000000004,2.900462206715399,0.38594596323426456,2.867663836283736,0.7680298048152713,2.457166118496048,0.044112054572087896,2.522337450257505,1.9395191633373225,0.0,0.1323361637162637,3.0,2.9935033247305274,3.0,2.85005598982413,2.95381763896669,0.06863127658003876,0.997236799832928,2.450097454962065,2.850137870682051
165,2019-01-21 00:00:00+00:00,3.0000000000000004,2.900462206715399,0.38594596323426456,2.867663836283736,0.7680298048152713,2.457166118496048,0.044112054572087896,2.522337450257505,0.014506962337869828,0.0,0.1323361637162637,3.0,2.9935033247305274,3.0,2.85005598982413,2.95381763896669,0.06863127658003876,0.997236799832928,2.450097454962065,2.850137870682051
166,2019-01-22 00:00:00+00:00,3.0000000000000004,2.900462206715399,0.38594596323426456,2.867663836283736,0.7680298048152713,2.457166118496048,0.044112054572087896,2.522337450257505,0.014506962337869828,0.0,0.1323361637162637,3.0,2.9935033247305274,3.0,2.85005598982413,2.95381763896669,0.06863127658003876,0.997236799832928,2.450097454962065,2.850137870682051
167,2019-01-23 00:00:00+00:00,3.0000000000000004,2.900462206715399,0.38594596323426456,2.867663836283736,0.7680298048152713,2.457166118496048,0.044112054572087896,2.522337450257505,0.014506962337869828,0.0,0.1323361637162637,3.0,2.9935033247305274,3.0,2.85005598982413,2.95381763896669,0.06863127658003876,0.997236799832928,2.450097454962065,2.850137870682051
168,2019-01-24 00:00:00+00:00,3.0000000000000004,2.900462206715399,0.38594596323426456,2.867663836283736,0.7680298048152713,2.457166118496048,0.044112054572087896,2.522337450257505,0.014506962337869828,0.0,0.1323361637162637,3.0,2.9935033247305274,3.0,2.85005598982413,2.95381763896669,0.06863127658003876,0.997236799832928,2.450097454962065,2.850137870682051
169,2019-01-25 00:00:00+00:00,3.0000000000000004,2.900462206715399,0.38594596323426456,2.867663836283736,0.7680298048152713,2.457166118496048,0.044112054572087896,2.522337450257505,0.014506962337869828,0.0,0.1323361637162637,3.0,2.9935033247305274,3.0,2.85005598982413,2.95381763896669,0.06863127658003876,0.997236799832928,2.450097454962065,2.850137870682051
170,2019-01-26 00:00:00+00:00,3.0000000000000004,2.900462206715399,0.38594596323426456,2.867663836283736,0.7680298048152713,2.457166118496048,0.044112054572087896,2.522337450257505,0.014506962337869828,0.0,0.1323361637162637,3.0,2.9935033247305274,3.0,2.85005598982413,2.95381763896669,0.06863127658003876,0.997236799832928,2.450097454962065,2.850137870682051
171,2019-01-27 00:00:00+00:00,3.0000000000000004,2.900462206715399,0.38594596323426456,2.867663836283736,0.7680298048152713,2.457166118496048,0.044112054572087896,2.522337450257505,0.014506962337869828,0.0,0.1323361637162637,3.0,2.9935033247305274,3.0,2.85005598982413,2.95381763896669,0.06863127658003876,0.997236799832928,2.450097454962065,2.850137870682051
172,2019-01-28 00:00:00+00:00,3.0000000000000004,2.900462206715399,0.38594596323426456,2.867663836283736,0.7680298048152713,2.457166118496048,0.044112054572087896,2.522337450257505,0.014506962337869828,0.0,0.1323361637162637,3.0,2.9935033247305274,3.0,2.85005598982413,2.95381763896669,0.06863127658003876,0.997236799832928,2.450097454962065,2.850137870682051
173,2019-01-29 00:00:00+00:00,3.0000000000000004,2.900462206715399,0.38594596323426456,2.867663836283736,0.7680298048152713,2.457166118496048,0.044112054572087896,2.522337450257505,0.014506962337869828,0.0,0.1323361637162637,3.0,2.9935033247305274,3.0,2.85005598982413,2.95381763896669,0.06863127658003876,0.997236799832928,2.450097454962065,2.850137870682051
174,2019-01-30 00:00:00+00:00,3.0,2.900462206715399,0.38594596323426456,2.867663836283736,0.7680298048152713,2.457166118496048,0.044112054572087896,2.522337450257505,2.205173221270974,0.0,0.1323361637162637,3.0,2.9935033247305274,1.4507880270297144,2.998634147770013,2.95381763896669,0.06863127658003876,0.997236799832928,2.450097454962065,2.998634147770013
175,2019-01-31 00:00:00+00:00,3.0,2.9994547104232683,0.38594596323426456,2.867663836283736,0.7680298048152713,2.457166118496048,0.044112054572087896,2.522337450257505,2.205173221270974,0.0,0.1323361637162637,1.3740911124771287,2.9935033247305274,1.4507880270297144,2.998634147770013,1.3740390104977647,2.8938730783805644,0.997236799832928,2.450097454962065,2.998634147770013
176,2019-02-01 00:00:00+00:00,3.0,2.9994547104232683,0.38594596323426456,2.867663836283736,0.7680298048152713,2.457166118496048,0.044112054572087896,2.522337450257505,2.205173221270974,0.0,0.1323361637162637,1.3740911124771287,2.9935033247305274,1.4507880270297144,2.998634147770013,1.3740390104977647,2.8938730783805644,0.997236799832928,2.450097454962065,2.998634147770013
177,2019-02-02 00:00:00+00:00,3.0,2.9994547104232683,0.38594596323426456,2.867663836283736,0.7680298048152713,2.457166118496048,0.044112054572087896,2.522337450257505,2.205173221270974,0.0,0.1323361637162637,1.3740911124771287,2.9935033247305274,1.4507880270297144,2.998634147770013,1.3740390104977647,2.8938730783805644,0.997236799832928,2.450097454962065,2.998634147770013
178,2019-02-03 00:00:00+00:00,3.0,2.9994547104232683,0.9890204692540532,1.021981175662272,2.985689265278533,2.9998909907175633,2.967028236506592,0.032960341252585575,2.205173221270974,0.0,0.1323361637162637,1.3740911124771287,2.9935033247305274,1.4507880270297144,2.998634147770013,1.3740390104977647,2.973750059109055,0.997236799832928,2.450097454962065,2.998634147770013
179,2019-02-04 00:00:00+00:00,3.0,2.9994547104232683,0.9890204692540532,1.021981175662272,2.985689265278533,2.9998909907175633,2.967028236506592,0.032960341252585575,2.205173221270974,0.0,0.0,1.3740911124771287,3.0,1.4507880270297144,2.998634147770013,1.3740390104977647,2.973750059109055,0.997236799832928,2.450097454962065,2.998634147770013
180,2019-02-05 00:00:00+00:00,3.0,2.9994547104232683,0.9890204692540532,1.021981175662272,2.985689265278533,2.9998909907175633,2.967028236506592,0.032960341252585575,2.205173221270974,0.0,0.0,1.3740911124771287,3.0,1.4507880270297144,2.998634147770013,1.3740390104977647,2.973750059109055,0.997236799832928,1.005587579590377,2.998634147770013
181,2019-02-06 00:00:00+00:00,3.0,2.9994547104232683,0.9890204692540532,1.021981175662272,2.985689265278533,2.9998909907175633,2.967028236506592,0.032960341252585575,2.205173221270974,0.0,0.0,1.3740911124771287,3.0,1.4507880270297144,2.998634147770013,1.3740390104977647,2.973750059109055,0.997236799832928,1.005587579590377,2.998634147770013
182,2019-02-07 00:00:00+00:00,3.0,2.9994547104232683,0.9890204692540532,1.021981175662272,2.985689265278533,2.9998909907175633,2.967028236506592,0.032960341252585575,2.205173221270974,0.0,0.0,1.3740911124771287,3.0,1.4507880270297144,2.998634147770013,1.3740390104977647,2.973750059109055,0.997236799832928,1.005587579590377,2.998634147770013
183,2019-02-08 00:00:00+00:00,3.0,2.9994547104232683,0.9890204692540532,1.021981175662272,2.985689265278533,2.9998909907175633,2.967028236506592,0.032960341252585575,2.205173221270974,0.0,0.0,1.3740911124771287,3.0,1.4507880270297144,2.998634147770013,1.3740390104977647,2.973750059109055,0.997236799832928,1.005587579590377,2.998634147770013
184,2019-02-09 00:00:00+00:00,3.0,2.9994547104232683,0.9890204692540532,1.021981175662272,2.985689265278533,2.9998909907175633,2.967028236506592,0.032960341252585575,2.205173221270974,0.0,0.0,1.3740911124771287,3.0,1.4507880270297144,2.998634147770013,1.3740390104977647,2.973750059109055,0.997236799832928,1.005587579590377,2.998634147770013
185,2019-02-10 00:00:00+00:00,3.0,2.9994547104232683,0.3422578183446924,1.021981175662272,2.985689265278533,2.9998909907175633,1.7547149323373166,0.00286953715788012,0.6673565971824064,0.0,0.0,2.474396113228278,3.0,1.4507880270297144,2.998634147770013,0.2871006016520738,2.973750059109055,2.978026084944502,1.005587579590377,2.998634147770013
186,2019-02-11 00:00:00+00:00,3.0,2.9994547104232683,0.3422578183446924,1.021981175662272,2.985689265278533,2.9998909907175633,1.7547149323373166,0.00286953715788012,0.6673565971824064,0.0,0.0,2.474396113228278,3.0,1.4507880270297144,2.998634147770013,0.2871006016520738,3.0,2.978026084944502,1.005587579590377,2.998634147770013
187,2019-02-12 00:00:00+00:00,3.0,2.9994547104232683,0.3422578183446924,1.021981175662272,2.985689265278533,2.9998909907175633,1.7547149323373166,0.00286953715788012,0.6673565971824064,0.0,0.0,2.474396113228278,3.0,1.4507880270297144,2.998634147770013,0.2871006016520738,3.0,2.978026084944502,1.005587579590377,1.242742184511759
188,2019-02-13 00:00:00+00:00,3.0,2.9994547104232683,0.3422578183446924,1.021981175662272,2.985689265278533,2.9998909907175633,1.7547149323373166,0.00286953715788012,0.6673565971824064,0.0,0.0,2.474396113228278,3.0,1.4507880270297144,2.998634147770013,0.2871006016520738,3.0,2.978026084944502,1.005587579590377,1.242742184511759
189,2019-02-14 00:00:00+00:00,3.0,2.9994547104232683,0.3422578183446924,1.021981175662272,2.985689265278533,2.9998909907175633,1.7547149323373166,0.00286953715788012,0.6673565971824064,0.0,0.0,2.474396113228278,3.0,1.4507880270297144,2.998634147770013,0.2871006016520738,3.0,2.978026084944502,1.005587579590377,1.242742184511759
190,2019-02-15 00:00:00+00:00,3.0,2.9994547104232683,0.3422578183446924,1.021981175662272,2.985689265278533,2.9998909907175633,1.7547149323373166,0.00286953715788012,0.6673565971824064,0.0,0.0,2.474396113228278,3.0,1.4507880270297144,2.998634147770013,0.2871006016520738,3.0,2.978026084944502,1.005587579590377,1.242742184511759
191,2019-02-16 00:00:00+00:00,3.0,2.9994547104232683,0.3422578183446924,1.021981175662272,2.985689265278533,2.9998909907175633,1.7547149323373166,0.00286953715788012,0.6673565971824064,0.0,0.0,2.474396113228278,3.0,1.4507880270297144,2.998634147770013,0.2871006016520738,3.0,2.978026084944502,1.005587579590377,1.242742184511759
192,2019-02-17 00:00:00+00:00,3.0,2.9994547104232683,0.3422578183446924,1.021981175662272,2.985689265278533,2.9998909907175633,1.7547149323373166,0.00286953715788012,0.6673565971824064,0.0,0.0,2.474396113228278,3.0,1.4507880270297144,2.998634147770013,0.2871006016520738,3.0,2.978026084944502,1.005587579590377,1.242742184511759
193,2019-02-18 00:00:00+00:00,3.0,2.9994547104232683,0.3422578183446924,1.021981175662272,2.985689265278533,2.9998909907175633,1.7547149323373166,0.00286953715788012,0.6673565971824064,0.0,0.0,2.474396113228278,3.0,1.4507880270297144,2.998634147770013,0.2871006016520738,3.0,2.978026084944502,1.005587579590377,1.242742184511759
194,2019-02-19 00:00:00+00:00,3.0,2.9994547104232683,0.3422578183446924,1.021981175662272,2.985689265278533,2.9998909907175633,1.7547149323373166,0.00286953715788012,0.6673565971824064,0.0,0.0,2.474396113228278,3.0,1.4507880270297144,2.998634147770013,0.2871006016520738,3.0,2.978026084944502,1.005587579590377,1.242742184511759
195,2019-02-20 00:00:00+00:00,3.0,2.9994547104232683,0.3422578183446924,1.021981175662272,2.985689265278533,2.9998909907175633,1.7547149323373166,0.00286953715788012,0.6673565971824064,0.0,0.0,2.474396113228278,3.0,1.4507880270297144,2.998634147770013,0.2871006016520738,3.0,2.978026084944502,1.005587579590377,1.242742184511759
196,2019-02-21 00:00:00+00:00,3.0,2.9994547104232683,0.3422578183446924,1.021981175662272,2.985689265278533,2.9998909907175633,1.7547149323373166,0.00286953715788012,0.6673565971824064,0.0,0.0,2.474396113228278,3.0,1.4507880270297144,2.998634147770013,0.2871006016520738,3.0,2.978026084944502,1.005587579590377,1.242742184511759
197,2019-02-22 00:00:00+00:00,3.0,2.9994547104232683,0.3422578183446924,1.021981175662272,2.985689265278533,2.9998909907175633,1.7547149323373166,0.00286953715788012,0.6673565971824064,0.0,0.0,2.474396113228278,3.0,1.4507880270297144,2.998634147770013,0.2871006016520738,3.0,2.978026084944502,1.005587579590377,1.242742184511759
198,2019-02-23 00:00:00+00:00,3.0,2.9994547104232683,0.3422578183446924,1.021981175662272,0.032960842457950786,2.9998909907175633,1.7547149323373166,0.00286953715788012,0.6673565971824064,0.0,0.0,2.474396113228278,3.0,1.4507880270297144,2.998634147770013,0.2871006016520738,3.0,2.978026084944502,2.9292765021226397,1.242742184511759
199,2019-02-24 00:00:00+00:00,3.0,1.0055950332672847,0.3422578183446924,2.978026115069799,0.032960842457950786,2.9998909907175633,1.7547149323373166,0.00286953715788012,0.6673565971824064,0.0,0.0,2.474396113228278,3.0,1.4507880270297144,3.0,0.2871006016520738,3.0,2.978026084944502,2.9292765021226397,1.242742184511759
200,2019-02-25 00:00:00+00:00,3.0,1.0055950332672847,0.3422578183446924,2.978026115069799,0.032960842457950786,2.9998909907175633,1.7547149323373166,0.00286953715788012,0.6673565971824064,0.0,0.0,2.474396113228278,3.0,1.0000036080115517,3.0,0.2871006016520738,3.0,2.978026084944502,2.9292765021226397,1.242742184511759
201,2019-02-26 00:00:00+00:00,3.0,1.0055950332672847,0.3422578183446924,2.978026115069799,0.032960842457950786,2.9998909907175633,1.7547149323373166,0.00286953715788012,0.6673565971824064,0.0,0.0,2.474396113228278,3.0,1.0000036080115517,3.0,0.2871006016520738,3.0,2.978026084944502,2.9292765021226397,1.242742184511759
202,2019-02-27 00:00:00+00:00,3.0,1.0055950332672847,0.3422578183446924,2.978026115069799,0.002754002605233126,2.9998909907175633,1.7547149323373166,0.00286953715788012,0.6673565971824064,2.892978583517113,1.6197239577577882,2.474396113228278,3.0,1.0000036080115517,3.0,0.2871006016520738,3.0,2.978026084944502,2.9292765021226397,1.242742184511759
203,2019-02-28 00:00:00+00:00,3.0,1.0055950332672847,0.3422578183446924,2.978026115069799,0.002754002605233126,3.0,0.02744266137484715,0.00286953715788012,0.6673565971824064,2.892978583517113,1.6197239577577882,2.9993457361946048,3.0,1.0000036080115517,3.0,2.9258265063876827,3.0,2.978026084944502,2.9292765021226397,1.242742184511759
204,2019-03-01 00:00:00+00:00,3.0,1.0055950332672847,0.3422578183446924,2.978026115069799,0.002754002605233126,3.0,0.02744266137484715,0.00286953715788012,0.6673565971824064,2.892978583517113,1.6197239577577882,2.9993457361946048,3.0,1.0000036080115517,3.0,2.9258265063876827,3.0,2.978026084944502,2.9292765021226397,1.242742184511759
205,2019-03-02 00:00:00+00:00,3.0,1.0055950332672847,0.3422578183446924,2.978026115069799,0.002754002605233126,3.0,0.02744266137484715,0.00286953715788012,0.6673565971824064,2.892978583517113,1.6197239577577882,2.9993457361946048,3.0,1.0000036080115517,3.0,2.9258265063876827,3.0,2.978026084944502,2.9292765021226397,1.242742184511759
206,2019-03-03 00:00:00+00:00,3.0,0.3776306309793545,0.3422578183446924,1.0268941542326289,0.002754002605233126,3.0,0.02744266137484715,0.00286953715788012,0.6673565971824064,2.892978583517113,1.6197239577577882,2.9993457361946048,3.0,2.2448962075646115,3.0,2.9258265063876827,1.0338479886903864,2.978026084944502,2.998672532623698,2.9509725271066225
207,2019-03-04 00:00:00+00:00,3.0,0.3776306309793545,0.3422578183446924,1.0268941542326289,0.002754002605233126,3.0,0.02744266137484715,0.9982012593679437,4.4582771289797744e-05,2.892978583517113,1.6197239577577882,2.9993457361946048,3.0,2.2448962075646115,3.0,2.9258265063876827,1.0338479886903864,2.9999999872958556,2.998672532623698,2.9509725271066225
208,2019-03-05 00:00:00+00:00,3.0,0.3776306309793545,0.3422578183446924,1.0268941542326289,0.002754002605233126,3.0,0.02744266137484715,0.9982012593679437,4.4582771289797744e-05,2.892978583517113,1.6197239577577882,2.9993457361946048,3.0,2.2448962075646115,3.0,2.9258265063876827,1.0338479886903864,2.9999999872958556,2.998672532623698,2.9509725271066225
209,2019-03-06 00:00:00+00:00,3.0,0.3776306309793545,0.3422578183446924,1.0268941542326289,0.002754002605233126,3.0,0.02744266137484715,0.9982012593679437,4.4582771289797744e-05,2.892978583517113,1.6197239577577882,2.9993457361946048,3.0,2.2448962075646115,3.0,2.9258265063876827,1.0338479886903864,2.9999999872958556,2.998672532623698,2.9509725271066225
210,2019-03-07 00:00:00+00:00,3.0,0.3776306309793545,0.3422578183446924,1.0268941542326289,0.002754002605233126,3.0,0.02744266137484715,0.9982012593679437,4.4582771289797744e-05,2.892978583517113,1.6197239577577882,2.9993457361946048,3.0,2.2448962075646115,3.0,2.9258265063876827,1.0338479886903864,2.9999999872958556,2.998672532623698,2.9509725271066225
211,2019-03-08 00:00:00+00:00,3.0,0.3776306309793545,0.3422578183446924,1.0268941542326289,0.002754002605233126,3.0,0.02744266137484715,0.9982012593679437,4.4582771289797744e-05,2.892978583517113,1.6197239577577882,2.9993457361946048,3.0,2.2448962075646115,3.0,2.9258265063876827,1.0338479886903864,2.9999999872958556,2.998672532623698,2.9509725271066225
212,2019-03-09 00:00:00+00:00,3.0,0.3776306309793545,0.3422578183446924,1.0268941542326289,0.002754002605233126,3.0,0.02744266137484715,0.9982012593679437,4.4582771289797744e-05,2.892978583517113,1.6197239577577882,2.9993457361946048,3.0,2.2448962075646115,3.0,2.9258265063876827,1.0338479886903864,2.9999999872958556,2.998672532623698,2.9509725271066225
213,2019-03-10 00:00:00+00:00,3.0,0.3776306309793545,2.9663867703634854,1.0268941542326289,2.155803192485473,3.0,0.0002465217201933845,0.9982012593679437,4.4582771289797744e-05,0.6759071873758985,2.7153351361782763,2.9993457361946048,3.0,2.2448962075646115,3.0,2.99926043483942,1.0338479886903864,2.9999999872958556,2.998672532623698,2.9509725271066225
214,2019-03-11 00:00:00+00:00,3.0,0.3776306309793545,2.9663867703634854,1.0268941542326289,2.155803192485473,3.0,0.0002465217201933845,0.9982012593679437,4.4582771289797744e-05,0.6759071873758985,2.7153351361782763,3.0,3.0,2.2448962075646115,3.0,2.99926043483942,1.0338479886903864,2.9999999872958556,2.998672532623698,2.9509725271066225
215,2019-03-12 00:00:00+00:00,3.0,0.3776306309793545,2.9663867703634854,1.0268941542326289,2.155803192485473,3.0,0.0002465217201933845,0.9982012593679437,4.4582771289797744e-05,0.6759071873758985,2.7153351361782763,3.0,3.0,2.2448962075646115,3.0,2.99926043483942,1.0338479886903864,2.9999999872958556,2.998672532623698,2.9509725271066225
216,2019-03-13 00:00:00+00:00,3.0,0.3776306309793545,2.9663867703634854,1.0268941542326289,2.155803192485473,3.0,0.0002465217201933845,0.9982012593679437,4.4582771289797744e-05,0.6759071873758985,2.7153351361782763,3.0,3.0,2.2448962075646115,3.0,2.99926043483942,1.0338479886903864,2.9999999872958556,2.998672532623698,2.9509725271066225
217,2019-03-14 00:00:00+00:00,3.0,0.3776306309793545,2.9663867703634854,1.0268941542326289,2.155803192485473,3.0,0.0002465217201933845,0.9982012593679437,4.4582771289797744e-05,0.6759071873758985,2.7153351361782763,3.0,3.0,2.2448962075646115,3.0,2.99926043483942,1.0338479886903864,2.9999999872958556,2.998672532623698,2.9509725271066225
218,2019-03-15 00:00:00+00:00,3.0,0.3776306309793545,2.9663867703634854,1.0268941542326289,2.155803192485473,3.0,0.0002465217201933845,0.9982012593679437,4.4582771289797744e-05,0.6759071873758985,2.7153351361782763,3.0,3.0,2.2448962075646115,3.0,2.99926043483942,1.0338479886903864,2.9999999872958556,2.998672532623698,2.9509725271066225
219,2019-03-16 00:00:00+00:00,3.0,0.3776306309793545,2.9663867703634854,1.0268941542326289,2.155803192485473,3.0,0.0002465217201933845,0.9982012593679437,4.4582771289797744e-05,0.6759071873758985,2.7153351361782763,3.0,3.0,2.2448962075646115,3.0,2.99926043483942,1.0338479886903864,2.9999999872958556,2.998672532623698,2.9509725271066225
220,2019-03-17 00:00:00+00:00,3.0,0.881952149246023,2.9663867703634854,0.018809732034150203,2.155803192485473,3.0,0.0002465217201933845,0.9982012593679437,4.4582771289797744e-05,0.6759071873758985,2.7153351361782763,3.0,3.0,2.2448962075646115,3.0,2.99926043483942,1.0338479886903864,2.9999999872958556,3.0,2.9509725271066225
221,2019-03-18 00:00:00+00:00,3.0,0.881952149246023,2.9663867703634854,0.018809732034150203,2.155803192485473,1.4540769391184192,0.0002465217201933845,2.8170764053508974,0.0,0.6759071873758985,2.7153351361782763,3.0,3.0,2.2448962075646115,3.0,2.99926043483942,1.0338479886903864,2.9999999872958556,3.0,2.9509725271066225
222,2019-03-19 00:00:00+00:00,3.0,0.881952149246023,2.9663867703634854,0.018809732034150203,2.155803192485473,1.4540769391184192,0.0002465217201933845,2.8170764053508974,0.0,0.6759071873758985,2.7153351361782763,3.0,3.0,2.2448962075646115,3.0,2.99926043483942,1.0338479886903864,2.9999999872958556,3.0,2.9509725271066225
223,2019-03-20 00:00:00+00:00,3.0,0.881952149246023,2.9663867703634854,0.018809732034150203,2.155803192485473,1.4540769391184192,0.0002465217201933845,2.8170764053508974,0.0,0.6759071873758985,2.7153351361782763,3.0,3.0,2.2448962075646115,3.0,2.99926043483942,1.0338479886903864,2.9999999872958556,3.0,2.9509725271066225
224,2019-03-21 00:00:00+00:00,3.0,0.881952149246023,2.9663867703634854,0.018809732034150203,2.155803192485473,1.4540769391184192,0.0002465217201933845,2.8170764053508974,0.0,0.6759071873758985,2.7153351361782763,3.0,3.0,2.2448962075646115,3.0,2.99926043483942,1.0338479886903864,2.9999999872958556,3.0,2.9509725271066225
225,2019-03-22 00:00:00+00:00,3.0,0.881952149246023,2.9663867703634854,0.018809732034150203,2.155803192485473,1.4540769391184192,0.0002465217201933845,2.8170764053508974,0.0,0.6759071873758985,2.7153351361782763,3.0,3.0,2.2448962075646115,3.0,2.99926043483942,1.0338479886903864,2.9999999872958556,3.0,2.9509725271066225
226,2019-03-23 00:00:00+00:00,3.0,0.881952149246023,2.9663867703634854,0.018809732034150203,2.155803192485473,1.4540769391184192,0.0002465217201933845,2.8170764053508974,0.0,0.6759071873758985,2.7153351361782763,3.0,3.0,2.2448962075646115,3.0,2.99926043483942,1.0338479886903864,2.9999999872958556,3.0,2.9509725271066225
227,2019-03-24 00:00:00+00:00,3.0,0.881952149246023,2.9663867703634854,0.018809732034150203,2.155803192485473,1.4540769391184192,0.0002465217201933845,2.8170764053508974,0.0,0.6759071873758985,2.7153351361782763,3.0,3.0,2.2448962075646115,3.0,2.99926043483942,1.0338479886903864,2.9999999872958556,3.0,2.9509725271066225
228,2019-03-25 00:00:00+00:00,3.0,0.881952149246023,2.9663867703634854,0.018809732034150203,2.155803192485473,1.4540769391184192,0.0002465217201933845,2.8170764053508974,0.0,0.6759071873758985,2.7153351361782763,3.0,3.0,2.2448962075646115,3.0,2.99926043483942,1.0338479886903864,2.9999999872958556,3.0,2.9509725271066225
229,2019-03-26 00:00:00+00:00,3.0,0.881952149246023,2.9663867703634854,0.018809732034150203,2.155803192485473,1.4540769391184192,0.0002465217201933845,2.8170764053508974,0.0,0.6759071873758985,2.7153351361782763,3.0,3.0,2.2448962075646115,3.0,2.99926043483942,1.0338479886903864,2.9999999872958556,3.0,2.9509725271066225
230,2019-03-27 00:00:00+00:00,3.0,0.881952149246023,2.9663867703634854,0.018809732034150203,2.155803192485473,1.4540769391184192,0.0002465217201933845,2.8170764053508974,0.0,0.6759071873758985,2.7153351361782763,3.0,3.0,2.2448962075646115,3.0,2.99926043483942,1.0338479886903864,2.9999999872958556,3.0,2.9509725271066225
231,2019-03-28 00:00:00+00:00,3.0,0.881952149246023,2.9663867703634854,0.018809732034150203,2.155803192485473,1.4540769391184192,0.0002465217201933845,2.8170764053508974,0.0,0.6759071873758985,2.7153351361782763,3.0,3.0,2.2448962075646115,3.0,2.99926043483942,1.0338479886903864,2.9999999872958556,3.0,2.9509725271066225
232,2019-03-29 00:00:00+00:00,3.0,0.881952149246023,2.9663867703634854,0.018809732034150203,2.155803192485473,1.4540769391184192,0.0002465217201933845,2.8170764053508974,0.0,0.6759071873758985,2.7153351361782763,3.0,3.0,2.2448962075646115,3.0,2.99926043483942,1.0338479886903864,2.9999999872958556,3.0,2.9509725271066225
233,2019-03-30 00:00:00+00:00,3.0,0.881952149246023,2.9663867703634854,0.018809732034150203,2.155803192485473,1.4540769391184192,0.0002465217201933845,2.8170764053508974,0.0,0.6759071873758985,2.7153351361782763,3.0,3.0,2.2448962075646115,3.0,2.99926043483942,1.0338479886903864,2.9999999872958556,3.0,2.9509725271066225
234,2019-03-31 00:00:00+00:00,3.0,0.881952149246023,2.9663867703634854,2.6416107053248847,2.155803192485473,1.4540769391184192,0.0002465217201933845,2.8170764053508974,0.0,0.6759071873758985,3.0,3.0,3.0,3.5873961621881276e-13,3.0,2.99926043483942,1.0338479886903864,1.00000000000208,0.2752151558615665,3.0
235,2019-04-01 00:00:00+00:00,3.0,0.881952149246023,2.9663867703634854,2.6416107053248847,2.155803192485473,1.4540769391184192,0.0002465217201933845,2.8170764053508974,0.0,0.6759071873758985,3.0,3.0,3.0,3.5873961621881276e-13,3.0,2.99926043483942,2.99997014363911,1.00000000000208,0.2752151558615665,3.0
236,2019-04-02 00:00:00+00:00,3.0,0.881952149246023,2.9663867703634854,2.6416107053248847,2.155803192485473,1.4540769391184192,0.0002465217201933845,2.8170764053508974,0.0,0.6759071873758985,3.0,3.0,3.0,3.5873961621881276e-13,3.0,2.99926043483942,2.99997014363911,1.00000000000208,0.2752151558615665,3.0
237,2019-04-03 00:00:00+00:00,3.0,0.881952149246023,2.9663867703634854,2.6416107053248847,2.155803192485473,1.4540769391184192,0.0002465217201933845,2.8170764053508974,0.0,0.6759071873758985,3.0,3.0,3.0,2.994912513625509,3.0,2.99926043483942,2.99997014363911,1.00000000000208,0.2752151558615665,3.0
238,2019-04-04 00:00:00+00:00,3.0,0.881952149246023,1.2586521050926783e-09,2.6416107053248847,0.021336930675333224,1.4540769391184192,2.9784997661329453,2.8170764053508974,0.0,0.6759071873758985,3.0,3.0,3.0,2.994912513625509,3.0,2.99926043483942,2.99997014363911,1.00000000000208,0.2752151558615665,3.0
239,2019-04-05 00:00:00+00:00,3.0,0.881952149246023,1.2586521050926783e-09,2.6416107053248847,0.021336930675333224,1.4540769391184192,2.9784997661329453,2.8170764053508974,0.0,0.6759071873758985,3.0,3.0,3.0,2.994912513625509,3.0,2.99926043483942,2.99997014363911,1.00000000000208,0.2752151558615665,3.0
240,2019-04-06 00:00:00+00:00,3.0,0.881952149246023,1.2586521050926783e-09,2.6416107053248847,0.021336930675333224,1.4540769391184192,2.9784997661329453,2.8170764053508974,0.0,0.6759071873758985,3.0,3.0,3.0,2.994912513625509,3.0,2.99926043483942,2.99997014363911,1.00000000000208,0.2752151558615665,3.0
241,2019-04-07 00:00:00+00:00,3.0,0.010986902136072969,1.2586521050926783e-09,2.6416107053248847,0.021336930675333224,1.4540769391184192,2.9784997661329453,2.8170764053508974,0.0,5.451900089874677e-07,3.0,3.0,3.0,2.994912513625509,0.0010065953985788812,2.99926043483942,2.99997014363911,1.00000000000208,0.2752151558615665,3.0
242,2019-04-08 00:00:00+00:00,3.0,0.010986902136072969,1.2586521050926783e-09,2.6416107053248847,0.021336930675333224,1.4540769391184192,2.9784997661329453,2.999992628609874,0.0,5.451900089874677e-07,3.0,3.0,3.0,2.994912513625509,0.0010065953985788812,2.99926043483942,2.99997014363911,1.00000000000208,0.2752151558615665,3.0
243,2019-04-09 00:00:00+00:00,3.0,0.010986902136072969,1.2586521050926783e-09,2.6416107053248847,0.021336930675333224,2.9997946159809006,2.9784997661329453,2.999992628609874,0.0,5.451900089874677e-07,3.0,3.0,3.0,2.994912513625509,0.0010065953985788812,2.99926043483942,2.99997014363911,1.00000000000208,0.2752151558615665,3.0
244,2019-04-10 00:00:00+00:00,3.0,0.010986902136072969,1.2586521050926783e-09,2.6416107053248847,0.021336930675333224,2.9997946159809006,2.9784997661329453,2.999992628609874,0.0,5.451900089874677e-07,3.0,3.0,3.0,2.994912513625509,0.0010065953985788812,2.99926043483942,2.99997014363911,1.00000000000208,0.2752151558615665,3.0
245,2019-04-11 00:00:00+00:00,3.0,0.010986902136072969,1.2586521050926783e-09,2.6416107053248847,0.021336930675333224,2.9997946159809006,2.9784997661329453,2.999992628609874,0.0,5.451900089874677e-07,3.0,3.0,3.0,2.994912513625509,0.0010065953985788812,2.99926043483942,2.99997014363911,1.00000000000208,0.2752151558615665,3.0
246,2019-04-12 00:00:00+00:00,3.0,0.010986902136072969,1.2586521050926783e-09,2.6416107053248847,0.021336930675333224,2.9997946159809006,2.9784997661329453,2.999992628609874,0.0,5.451900089874677e-07,3.0,3.0,3.0,2.994912513625509,0.0010065953985788812,2.99926043483942,2.99997014363911,1.00000000000208,0.2752151558615665,3.0
247,2019-04-13 00:00:00+00:00,3.0,0.010986902136072969,1.2586521050926783e-09,2.6416107053248847,0.021336930675333224,2.9997946159809006,2.9784997661329453,2.999992628609874,0.0,5.451900089874677e-07,0.35761743948952235,3.0,3.0,2.994912513625509,0.0010065953985788812,2.99926043483942,2.99997014363911,1.00000000000208,0.2752151558615665,3.0
248,2019-04-14 00:00:00+00:00,3.0,0.010986902136072969,0.00095598037345293,2.999113838330896,0.021336930675333224,2.9997946159809006,2.9784997661329453,2.999992628609874,2.724159991773221,5.451900089874677e-07,0.35761743948952235,3.0,3.0,2.994912513625509,0.0010065953985788812,0.0010086207962648865,2.9999999999992997,1.00000000000208,0.2752151558615665,3.0
249,2019-04-15 00:00:00+00:00,3.0,0.010986902136072969,0.00095598037345293,2.999113838330896,0.021336930675333224,2.9997946159809006,0.2743844803191776,2.999992628609874,2.724159991773221,5.451900089874677e-07,0.35761743948952235,3.0,3.0,2.994912513625509,0.0010065953985788812,0.0010086207962648865,2.9999999999992997,1.00000000000208,0.2752151558615665,3.0
250,2019-04-16 00:00:00+00:00,3.0,0.010986902136072969,0.00095598037345293,2.999113838330896,0.021336930675333224,2.9997946159809006,0.2743844803191776,2.999992628609874,2.724159991773221,5.451900089874677e-07,0.35761743948952235,3.0,3.0,2.994912513625509,0.0010065953985788812,0.0010086207962648865,2.9999999999992997,2.9780273124175456,0.2752151558615665,3.0
251,2019-04-17 00:00:00+00:00,3.0,0.010986902136072969,0.00095598037345293,2.999113838330896,0.021336930675333224,2.9997946159809006,0.2743844803191776,2.999992628609874,2.724159991773221,5.451900089874677e-07,0.35761743948952235,3.0,3.0,2.994912513625509,0.0010065953985788812,0.0010086207962648865,2.9999999999992997,2.9780273124175456,0.2752151558615665,3.0
252,2019-04-18 00:00:00+00:00,3.0,0.010986902136072969,0.00095598037345293,2.999113838330896,0.021336930675333224,2.9997946159809006,0.2743844803191776,2.999992628609874,2.724159991773221,5.451900089874677e-07,0.35761743948952235,3.0,3.0,2.994912513625509,0.0010065953985788812,0.0010086207962648865,2.9999999999992997,2.9780273124175456,0.2752151558615665,3.0
253,2019-04-19 00:00:00+00:00,3.0,0.010986902136072969,0.00095598037345293,2.999113838330896,0.021336930675333224,2.9997946159809006,0.2743844803191776,2.999992628609874,2.724159991773221,5.451900089874677e-07,0.35761743948952235,3.0,3.0,2.994912513625509,0.0010065953985788812,0.0010086207962648865,2.9999999999992997,2.9780273124175456,0.2752151558615665,3.0
254,2019-04-20 00:00:00+00:00,3.0,0.010986902136072969,0.00095598037345293,2.999113838330896,0.021336930675333224,2.9997946159809006,0.2743844803191776,2.999992628609874,2.724159991773221,5.451900089874677e-07,0.35761743948952235,3.0,3.0,2.994912513625509,0.0010065953985788812,0.0010086207962648865,2.9999999999992997,2.9780273124175456,0.2752151558615665,3.0
255,2019-04-21 00:00:00+00:00,3.0,3.2824144503239107e-06,0.0,2.999113838330896,0.021336930675333224,2.9997946159809006,0.2743844803191776,2.999992628609874,2.724159991773221,0.0,0.35761743948952235,3.0,3.0,2.994912513625509,2.7256153075410685,1.9731024289551444,3.0,0.5812941653294466,0.9890204692540532,3.0
256,2019-04-22 00:00:00+00:00,3.0,3.2824144503239107e-06,0.0,2.999113838330896,1.9056216066278592e-08,2.9997946159809006,0.2743844803191776,3.0,2.724159991773221,0.0,0.35761743948952235,3.0,3.0,2.372825527999886,2.7256153075410685,1.9731024289551444,3.0,0.5812941653294466,0.9890204692540532,3.0
257,2019-04-23 00:00:00+00:00,3.0,3.2824144503239107e-06,0.0,2.999113838330896,1.9056216066278592e-08,1.2384058434913168,0.2743844803191776,3.0,2.724159991773221,0.0,0.35761743948952235,3.0,3.0,2.372825527999886,2.7256153075410685,1.9731024289551444,3.0,0.5812941653294466,0.9890204692540532,3.0
258,2019-04-24 00:00:00+00:00,3.0,3.2824144503239107e-06,0.0,2.999113838330896,1.9056216066278592e-08,1.2384058434913168,0.2743844803191776,3.0,2.724159991773221,0.0,0.35761743948952235,3.0,3.0,2.372825527999886,2.7256153075410685,1.9731024289551444,3.0,0.5812941653294466,0.9890204692540532,3.0
259,2019-04-25 00:00:00+00:00,0.049799094433123976,3.2824144503239107e-06,0.0,2.999113838330896,1.9056216066278592e-08,1.2384058434913168,0.2743844803191776,3.0,2.724159991773221,0.0,0.35761743948952235,3.0,3.0,2.372825527999886,2.7256153075410685,1.9731024289551444,3.0,0.5812941653294466,0.9890204692540532,1.9395680277514376
260,2019-04-26 00:00:00+00:00,0.049799094433123976,3.2824144503239107e-06,0.0,2.999113838330896,1.9056216066278592e-08,1.2384058434913168,0.2743844803191776,3.0,2.724159991773221,0.0,0.35761743948952235,3.0,3.0,2.372825527999886,2.7256153075410685,1.9731024289551444,3.0,0.5812941653294466,0.9890204692540532,1.9395680277514376
261,2019-04-27 00:00:00+00:00,0.049799094433123976,3.2824144503239107e-06,0.0,2.999113838330896,1.9056216066278592e-08,1.2384058434913168,0.2743844803191776,3.0,2.724159991773221,0.0,0.35761743948952235,3.0,3.0,2.372825527999886,2.7256153075410685,1.9731024289551444,3.0,0.5812941653294466,0.9890204692540532,1.9395680277514376
262,2019-04-28 00:00:00+00:00,0.049799094433123976,3.2824144503239107e-06,0.9083836759576048,2.999113838330896,1.9056216066278592e-08,1.2384058434913168,0.8814230634440653,3.0,2.999504584388066,0.0,0.35761743948952235,3.0,3.0,2.372825527999886,2.7256153075410685,1.2306411500189025,1.4884373771471846,0.0041386430877927175,0.9890204692540532,1.9395680277514376
263,2019-04-29 00:00:00+00:00,0.049799094433123976,3.2824144503239107e-06,0.9083836759576048,0.2748489721271855,1.9056216066278592e-08,1.2384058434913168,0.8814230634440653,3.0,2.999504584388066,0.0,2.794972303042935,3.0,3.0,1.183092663588934,2.7256153075410685,1.2306411500189025,1.4884373771471846,0.0041386430877927175,0.9890204692540532,1.9395680277514376
264,2019-04-30 00:00:00+00:00,0.049799094433123976,3.2824144503239107e-06,0.9083836759576048,0.2748489721271855,1.9056216066278592e-08,1.2384058434913168,0.8814230634440653,3.0,2.999504584388066,0.0,2.794972303042935,3.0,3.0,1.183092663588934,2.7256153075410685,1.2306411500189025,1.4884373771471846,0.0041386430877927175,0.9890204692540532,1.9395680277514376
265,2019-05-01 00:00:00+00:00,0.049799094433123976,3.2824144503239107e-06,0.9083836759576048,0.2748489721271855,1.9056216066278592e-08,1.2384058434913168,0.8814230634440653,3.0,2.999504584388066,0.0,2.794972303042935,3.0,3.0,1.183092663588934,2.7256153075410685,1.2306411500189025,1.4884373771471846,0.0041386430877927175,0.9890204692540532,1.9395680277514376
266,2019-05-02 00:00:00+00:00,0.049799094433123976,3.2824144503239107e-06,0.9083836759576048,0.2748489721271855,1.9056216066278592e-08,1.2384058434913168,0.8814230634440653,3.0,2.999504584388066,0.0,2.794972303042935,3.0,3.0,1.183092663588934,2.7256153075410685,1.2306411500189025,1.4884373771471846,0.0041386430877927175,0.9890204692540532,1.9395680277514376
267,2019-05-03 00:00:00+00:00,0.049799094433123976,3.2824144503239107e-06,0.9083836759576048,0.2748489721271855,1.9056216066278592e-08,1.2384058434913168,0.8814230634440653,3.0,2.999504584388066,0.0,2.794972303042935,3.0,3.0,1.183092663588934,2.7256153075410685,1.2306411500189025,1.4884373771471846,0.0041386430877927175,0.9890204692540532,1.9395680277514376
268,2019-05-04 00:00:00+00:00,0.049799094433123976,3.2824144503239107e-06,0.9083836759576048,0.2748489721271855,1.9056216066278592e-08,1.2384058434913168,0.8814230634440653,3.0,2.999504584388066,0.0,2.794972303042935,3.0,3.0,1.183092663588934,2.7256153075410685,1.2306411500189025,1.4884373771471846,0.0041386430877927175,0.9890204692540532,1.9395680277514376
269,2019-05-05 00:00:00+00:00,0.049799094433123976,2.6416107053248847,0.9083836759576048,0.2748489721271855,0.0,1.2384058434913168,0.8814230634440653,3.0,2.999504584388066,0.0,2.794972303042935,3.0,3.0,1.183092663588934,0.27433795569093766,1.2306411500189025,1.4884373771471846,0.0041386430877927175,2.7615850912592013,2.7616002407724562
270,2019-05-06 00:00:00+00:00,0.9085527535002076,2.6416107053248847,0.9083836759576048,0.2748489721271855,0.0,2.697563422801253,0.8814230634440653,3.0,2.999504584388066,0.9083836759576048,2.794972303042935,3.0,3.0,1.183092663588934,0.27433795569093766,1.2306411500189025,1.4884373771471846,0.0041386430877927175,2.7615850912592013,2.7616002407724562
271,2019-05-07 00:00:00+00:00,0.9085527535002076,2.6416107053248847,0.9083836759576048,0.2748489721271855,0.0,2.697563422801253,0.8814230634440653,3.0,2.999504584388066,0.9083836759576048,2.794972303042935,3.0,3.0,1.183092663588934,0.27433795569093766,1.2306411500189025,1.4884373771471846,0.0041386430877927175,2.7615850912592013,2.7616002407724562
272,2019-05-08 00:00:00+00:00,0.9085527535002076,2.6416107053248847,0.9083836759576048,0.2748489721271855,0.0,2.697563422801253,0.8814230634440653,3.0,2.999504584388066,0.9083836759576048,2.794972303042935,3.0,3.0,1.183092663588934,0.27433795569093766,1.2306411500189025,1.4884373771471846,0.0041386430877927175,2.7615850912592013,2.7616002407724562
273,2019-05-09 00:00:00+00:00,0.9085527535002076,2.6416107053248847,0.9083836759576048,0.2748489721271855,0.0,2.697563422801253,0.8814230634440653,3.0,2.999504584388066,0.9083836759576048,2.794972303042935,3.0,3.0,1.183092663588934,0.27433795569093766,1.2306411500189025,1.4884373771471846,0.0041386430877927175,2.7615850912592013,2.7616002407724562
274,2019-05-10 00:00:00+00:00,0.9085527535002076,2.6416107053248847,0.9083836759576048,0.2748489721271855,0.0,2.697563422801253,0.8814230634440653,3.0,2.999504584388066,0.9083836759576048,2.794972303042935,3.0,3.0,1.183092663588934,0.27433795569093766,1.2306411500189025,1.4884373771471846,0.0041386430877927175,2.7615850912592013,2.7616002407724562
275,2019-05-11 00:00:00+00:00,0.9085527535002076,2.6416107053248847,0.9083836759576048,0.2748489721271855,0.0,2.697563422801253,0.8814230634440653,3.0,2.999504584388066,0.9083836759576048,2.794972303042935,3.0,3.0,1.183092663588934,0.27433795569093766,1.2306411500189025,1.4884373771471846,0.0041386430877927175,2.7615850912592013,2.7616002407724562
276,2019-05-12 00:00:00+00:00,0.9085527535002076,2.6416107053248847,0.9083836759576048,0.2748489721271855,0.0,2.697563422801253,0.8814230634440653,3.0,2.999504584388066,0.9083836759576048,2.794972303042935,3.0,3.0,1.183092663588934,0.27433795569093766,1.2306411500189025,1.4884373771471846,0.0041386430877927175,2.7615850912592013,2.7616002407724562
277,2019-05-13 00:00:00+00:00,0.9085527535002076,2.6416107053248847,0.9083836759576048,0.2748489721271855,0.0,2.697563422801253,0.8814230634440653,3.0,2.999504584388066,0.9083836759576048,2.794972303042935,3.0,3.0,1.183092663588934,0.27433795569093766,1.2306411500189025,1.4884373771471846,0.0041386430877927175,2.7615850912592013,2.7616002407724562
